Column,Top_Score,Top_Count,Num_1,Num_2,Num_3,Num_4,Num_5,Num_6,Num_7,Num_8
1.0,0.41667,1,interest,,,,,,,
2.0,0.5,1,nostalgia,,,,,,,
3.0,0.66667,1,amusement,,,,,,,
4.0,0.75,1,amusement,,,,,,,
5.0,0.41667,1,confusion,,,,,,,
6.0,0.66667,1,nostalgia,,,,,,,
7.0,0.41667,1,aesthetic_appreciation,,,,,,,
8.0,0.66667,1,aesthetic_appreciation,,,,,,,
9.0,0.66667,1,sadness,,,,,,,
10.0,0.91667,1,sexual_desire,,,,,,,
11.0,0.5,1,amusement,,,,,,,
12.0,0.33333,1,amusement,,,,,,,
13.0,0.58333,1,amusement,,,,,,,
14.0,0.41667,1,sympathy,,,,,,,
15.0,0.58333,1,fear,,,,,,,
16.0,0.58333,1,aesthetic_appreciation,,,,,,,
17.0,0.25,2,confusion,joy,,,,,,
18.0,0.5,1,sexual_desire,,,,,,,
19.0,0.41667,1,craving,,,,,,,
20.0,0.58333,1,aesthetic_appreciation,,,,,,,
21.0,0.41667,1,disgust,,,,,,,
22.0,0.33333,1,triumph,,,,,,,
23.0,0.41667,1,aesthetic_appreciation,,,,,,,
24.0,0.25,2,confusion,sadness,,,,,,
25.0,0.75,1,fear,,,,,,,
26.0,0.66667,1,aesthetic_appreciation,,,,,,,
27.0,0.58333,1,amusement,,,,,,,
28.0,0.83333,1,disgust,,,,,,,
29.0,0.5,1,awe,,,,,,,
30.0,0.83333,1,disgust,,,,,,,
31.0,0.3,2,anxiety,surprise,,,,,,
32.0,0.4,1,amusement,,,,,,,
33.0,0.5,1,interest,,,,,,,
34.0,0.6,1,interest,,,,,,,
35.0,0.7,1,adoration,,,,,,,
36.0,0.8,1,romance,,,,,,,
37.0,0.6,1,amusement,,,,,,,
38.0,0.3,2,amusement,triumph,,,,,,
39.0,0.4,2,awe,interest,,,,,,
40.0,0.4,1,amusement,,,,,,,
41.0,0.4,2,awe,triumph,,,,,,
42.0,0.4,2,aesthetic_appreciation,interest,,,,,,
43.0,0.6,1,joy,,,,,,,
44.0,0.8,1,romance,,,,,,,
45.0,0.6,1,anxiety,,,,,,,
46.0,0.7,1,anxiety,,,,,,,
47.0,0.8,1,amusement,,,,,,,
48.0,0.9,1,disgust,,,,,,,
49.0,0.6,1,nostalgia,,,,,,,
50.0,0.6,1,amusement,,,,,,,
51.0,0.8,1,sadness,,,,,,,
52.0,0.6,1,awkwardness,,,,,,,
53.0,0.6,1,disgust,,,,,,,
54.0,0.3,2,anger,sadness,,,,,,
55.0,0.7,2,aesthetic_appreciation,awe,,,,,,
56.0,0.7,1,amusement,,,,,,,
57.0,0.9,1,sexual_desire,,,,,,,
58.0,0.6,1,aesthetic_appreciation,,,,,,,
59.0,0.8,1,sadness,,,,,,,
60.0,0.6,1,awe,,,,,,,
61.0,0.55556,1,aesthetic_appreciation,,,,,,,
62.0,0.66667,1,horror,,,,,,,
63.0,0.44444,1,interest,,,,,,,
64.0,0.44444,1,aesthetic_appreciation,,,,,,,
65.0,0.33333,1,fear,,,,,,,
66.0,0.83333,1,amusement,,,,,,,
67.0,0.77778,1,sadness,,,,,,,
68.0,0.33333,1,fear,,,,,,,
69.0,0.33333,2,amusement,boredom,,,,,,
70.0,0.66667,1,amusement,,,,,,,
71.0,0.44444,2,amusement,fear,,,,,,
72.0,0.66667,1,amusement,,,,,,,
73.0,0.55556,1,disgust,,,,,,,
74.0,0.88889,1,amusement,,,,,,,
75.0,0.38889,1,romance,,,,,,,
76.0,0.22222,2,interest,satisfaction,,,,,,
77.0,0.27778,1,interest,,,,,,,
78.0,0.44444,1,aesthetic_appreciation,,,,,,,
79.0,0.44444,1,disgust,,,,,,,
80.0,0.88889,1,amusement,,,,,,,
81.0,0.55556,1,disgust,,,,,,,
82.0,0.66667,1,amusement,,,,,,,
83.0,0.55556,1,amusement,,,,,,,
84.0,0.44444,1,aesthetic_appreciation,,,,,,,
85.0,0.44444,1,interest,,,,,,,
86.0,0.44444,1,amusement,,,,,,,
87.0,0.55556,2,amusement,joy,,,,,,
88.0,0.55556,1,amusement,,,,,,,
89.0,0.55556,1,empathic_pain,,,,,,,
90.0,0.55556,2,aesthetic_appreciation,calmness,,,,,,
91.0,0.38462,1,amusement,,,,,,,
92.0,0.38462,1,entrancement,,,,,,,
93.0,0.38462,1,surprise,,,,,,,
94.0,0.53846,1,amusement,,,,,,,
95.0,0.38462,1,empathic_pain,,,,,,,
96.0,0.53846,1,anxiety,,,,,,,
97.0,0.61538,1,anxiety,,,,,,,
98.0,0.53846,1,adoration,,,,,,,
99.0,0.30769,1,amusement,,,,,,,
100.0,0.46154,1,joy,,,,,,,
101.0,0.69231,1,amusement,,,,,,,
102.0,0.76923,1,amusement,,,,,,,
103.0,0.23077,2,confusion,interest,,,,,,
104.0,0.38462,2,empathic_pain,sadness,,,,,,
105.0,0.38462,1,amusement,,,,,,,
106.0,0.46154,1,disgust,,,,,,,
107.0,0.46154,1,horror,,,,,,,
108.0,0.61538,1,awkwardness,,,,,,,
109.0,0.38462,2,fear,horror,,,,,,
110.0,0.84615,1,craving,,,,,,,
111.0,0.53846,1,romance,,,,,,,
112.0,0.84615,1,sexual_desire,,,,,,,
113.0,0.46154,1,adoration,,,,,,,
114.0,0.38462,1,amusement,,,,,,,
115.0,0.30769,1,amusement,,,,,,,
116.0,0.84615,1,romance,,,,,,,
117.0,0.30769,2,boredom,confusion,,,,,,
118.0,0.23077,3,aesthetic_appreciation,confusion,disappointment,,,,,
119.0,0.30769,1,disgust,,,,,,,
120.0,0.38462,2,amusement,surprise,,,,,,
121.0,0.26667,2,joy,surprise,,,,,,
122.0,0.33333,1,amusement,,,,,,,
123.0,0.46667,2,amusement,joy,,,,,,
124.0,0.4,1,disgust,,,,,,,
125.0,0.6,1,romance,,,,,,,
126.0,0.53333,1,joy,,,,,,,
127.0,0.4,3,empathic_pain,fear,horror,,,,,
128.0,0.53333,1,empathic_pain,,,,,,,
129.0,0.33333,1,fear,,,,,,,
130.0,0.66667,1,sexual_desire,,,,,,,
131.0,0.26667,2,amusement,boredom,,,,,,
132.0,0.33333,1,empathic_pain,,,,,,,
133.0,0.4,2,fear,horror,,,,,,
134.0,0.33333,1,amusement,,,,,,,
135.0,0.53333,1,disgust,,,,,,,
136.0,0.33333,1,awe,,,,,,,
137.0,0.73333,1,fear,,,,,,,
138.0,0.66667,1,sexual_desire,,,,,,,
139.0,0.53333,1,sexual_desire,,,,,,,
140.0,0.6,1,sexual_desire,,,,,,,
141.0,0.53333,1,disgust,,,,,,,
142.0,0.46667,1,nostalgia,,,,,,,
143.0,0.33333,1,fear,,,,,,,
144.0,0.46667,1,craving,,,,,,,
145.0,0.46667,1,fear,,,,,,,
146.0,0.46667,1,awe,,,,,,,
147.0,0.33333,1,aesthetic_appreciation,,,,,,,
148.0,0.46667,1,awe,,,,,,,
149.0,0.66667,1,aesthetic_appreciation,,,,,,,
150.0,0.33333,1,adoration,,,,,,,
151.0,0.53846,1,amusement,,,,,,,
152.0,0.69231,1,craving,,,,,,,
153.0,0.38462,1,horror,,,,,,,
154.0,0.38462,1,surprise,,,,,,,
155.0,0.38462,1,confusion,,,,,,,
156.0,0.38462,1,excitement,,,,,,,
157.0,0.53846,1,interest,,,,,,,
158.0,0.38462,1,sadness,,,,,,,
159.0,0.38462,1,amusement,,,,,,,
160.0,0.38462,2,amusement,fear,,,,,,
161.0,0.38462,2,amusement,joy,,,,,,
162.0,0.92308,1,sexual_desire,,,,,,,
163.0,0.38462,1,amusement,,,,,,,
164.0,0.30769,1,joy,,,,,,,
165.0,0.61538,1,joy,,,,,,,
166.0,0.46154,2,fear,horror,,,,,,
167.0,0.46154,1,amusement,,,,,,,
168.0,0.53846,1,amusement,,,,,,,
169.0,0.30769,1,interest,,,,,,,
170.0,0.38462,1,surprise,,,,,,,
171.0,0.53846,1,aesthetic_appreciation,,,,,,,
172.0,0.53846,1,amusement,,,,,,,
173.0,0.30769,1,triumph,,,,,,,
174.0,0.38462,1,amusement,,,,,,,
175.0,0.53846,1,aesthetic_appreciation,,,,,,,
176.0,0.61538,1,nostalgia,,,,,,,
177.0,0.61538,1,amusement,,,,,,,
178.0,0.38462,2,amusement,nostalgia,,,,,,
179.0,0.61538,1,disgust,,,,,,,
180.0,0.69231,1,aesthetic_appreciation,,,,,,,
181.0,0.71429,1,sadness,,,,,,,
182.0,0.42857,1,amusement,,,,,,,
183.0,0.64286,1,amusement,,,,,,,
184.0,0.5,2,adoration,joy,,,,,,
185.0,0.35714,1,awe,,,,,,,
186.0,0.42857,2,disgust,horror,,,,,,
187.0,1.0,1,disgust,,,,,,,
188.0,0.64286,1,amusement,,,,,,,
189.0,0.21429,3,amusement,excitement,interest,,,,,
190.0,0.71429,1,fear,,,,,,,
191.0,0.21429,4,amusement,excitement,interest,joy,,,,
192.0,0.35714,2,adoration,joy,,,,,,
193.0,0.64286,1,nostalgia,,,,,,,
194.0,0.71429,1,amusement,,,,,,,
195.0,0.5,1,horror,,,,,,,
196.0,0.28571,3,craving,entrancement,interest,,,,,
197.0,0.78571,1,disgust,,,,,,,
198.0,0.71429,1,aesthetic_appreciation,,,,,,,
199.0,0.28571,3,aesthetic_appreciation,amusement,entrancement,,,,,
200.0,0.57143,1,amusement,,,,,,,
201.0,0.5,1,nostalgia,,,,,,,
202.0,0.42857,2,amusement,excitement,,,,,,
203.0,0.64286,1,boredom,,,,,,,
204.0,0.85714,1,romance,,,,,,,
205.0,0.57143,1,interest,,,,,,,
206.0,0.28571,1,pride,,,,,,,
207.0,0.5,1,joy,,,,,,,
208.0,0.64286,1,sadness,,,,,,,
209.0,0.28571,1,amusement,,,,,,,
210.0,0.5,1,amusement,,,,,,,
211.0,0.46154,1,empathic_pain,,,,,,,
212.0,0.61538,1,craving,,,,,,,
213.0,0.42308,1,horror,,,,,,,
214.0,0.84615,1,disgust,,,,,,,
215.0,0.53846,1,amusement,,,,,,,
216.0,0.61538,1,disgust,,,,,,,
217.0,0.46154,1,awe,,,,,,,
218.0,0.65385,1,disgust,,,,,,,
219.0,0.57692,1,aesthetic_appreciation,,,,,,,
220.0,0.46154,1,awe,,,,,,,
221.0,0.46154,1,amusement,,,,,,,
222.0,0.46154,1,amusement,,,,,,,
223.0,0.53846,1,disgust,,,,,,,
224.0,0.38462,1,amusement,,,,,,,
225.0,0.69231,1,disgust,,,,,,,
226.0,0.76923,1,sadness,,,,,,,
227.0,0.42308,2,amusement,awkwardness,,,,,,
228.0,0.53846,1,awe,,,,,,,
229.0,0.46154,1,awe,,,,,,,
230.0,0.46154,1,awe,,,,,,,
231.0,0.30769,2,interest,surprise,,,,,,
232.0,0.30769,1,amusement,,,,,,,
233.0,0.42308,1,entrancement,,,,,,,
234.0,0.84615,1,horror,,,,,,,
235.0,1.0,1,disgust,,,,,,,
236.0,0.57692,1,horror,,,,,,,
237.0,0.76923,1,amusement,,,,,,,
238.0,0.53846,1,horror,,,,,,,
239.0,0.26923,2,admiration,awe,,,,,,
240.0,0.57692,1,horror,,,,,,,
241.0,0.60714,1,amusement,,,,,,,
242.0,0.57143,1,sexual_desire,,,,,,,
243.0,0.64286,1,disgust,,,,,,,
244.0,0.85714,1,disgust,,,,,,,
245.0,0.67857,1,amusement,,,,,,,
246.0,0.39286,1,interest,,,,,,,
247.0,0.64286,1,amusement,,,,,,,
248.0,0.46429,1,interest,,,,,,,
249.0,0.5,1,fear,,,,,,,
250.0,0.42857,1,interest,,,,,,,
251.0,0.5,1,interest,,,,,,,
252.0,0.28571,2,empathic_pain,surprise,,,,,,
253.0,0.5,1,interest,,,,,,,
254.0,0.39286,1,amusement,,,,,,,
255.0,0.28571,1,adoration,,,,,,,
256.0,0.60714,1,amusement,,,,,,,
257.0,0.5,1,amusement,,,,,,,
258.0,0.85714,1,amusement,,,,,,,
259.0,0.35714,2,horror,sadness,,,,,,
260.0,0.57143,1,amusement,,,,,,,
261.0,0.5,1,amusement,,,,,,,
262.0,0.28571,1,fear,,,,,,,
263.0,0.42857,1,nostalgia,,,,,,,
264.0,0.39286,2,admiration,amusement,,,,,,
265.0,0.42857,1,amusement,,,,,,,
266.0,0.75,1,disgust,,,,,,,
267.0,0.42857,1,romance,,,,,,,
268.0,0.28571,2,disgust,sexual_desire,,,,,,
269.0,0.5,1,fear,,,,,,,
270.0,0.64286,1,amusement,,,,,,,
271.0,0.91667,1,disgust,,,,,,,
272.0,0.41667,1,confusion,,,,,,,
273.0,0.5,1,amusement,,,,,,,
274.0,0.66667,1,awe,,,,,,,
275.0,0.33333,1,excitement,,,,,,,
276.0,0.58333,1,sadness,,,,,,,
277.0,0.58333,1,amusement,,,,,,,
278.0,0.33333,1,horror,,,,,,,
279.0,0.58333,1,fear,,,,,,,
280.0,0.41667,1,awe,,,,,,,
281.0,0.75,1,amusement,,,,,,,
282.0,0.58333,1,amusement,,,,,,,
283.0,0.5,1,romance,,,,,,,
284.0,0.66667,1,craving,,,,,,,
285.0,0.33333,1,awkwardness,,,,,,,
286.0,0.66667,1,awe,,,,,,,
287.0,0.58333,1,entrancement,,,,,,,
288.0,0.66667,1,disgust,,,,,,,
289.0,0.41667,2,aesthetic_appreciation,calmness,,,,,,
290.0,0.5,1,amusement,,,,,,,
291.0,0.66667,1,amusement,,,,,,,
292.0,0.75,1,amusement,,,,,,,
293.0,0.33333,1,triumph,,,,,,,
294.0,0.66667,1,amusement,,,,,,,
295.0,0.5,1,surprise,,,,,,,
296.0,0.83333,1,amusement,,,,,,,
297.0,0.41667,1,amusement,,,,,,,
298.0,0.41667,1,triumph,,,,,,,
299.0,0.58333,1,sadness,,,,,,,
300.0,0.5,1,joy,,,,,,,
301.0,0.53846,1,nostalgia,,,,,,,
302.0,0.23077,2,awe,interest,,,,,,
303.0,0.46154,1,boredom,,,,,,,
304.0,0.38462,2,aesthetic_appreciation,calmness,,,,,,
305.0,0.38462,1,amusement,,,,,,,
306.0,0.38462,1,disgust,,,,,,,
307.0,0.46154,1,adoration,,,,,,,
308.0,0.46154,1,disgust,,,,,,,
309.0,0.92308,1,sexual_desire,,,,,,,
310.0,0.26923,1,boredom,,,,,,,
311.0,0.69231,1,craving,,,,,,,
312.0,0.30769,2,horror,sadness,,,,,,
313.0,0.46154,1,empathic_pain,,,,,,,
314.0,0.23077,3,awe,satisfaction,sympathy,,,,,
315.0,0.69231,1,nostalgia,,,,,,,
316.0,0.26923,1,relief,,,,,,,
317.0,0.42308,1,entrancement,,,,,,,
318.0,0.38462,1,aesthetic_appreciation,,,,,,,
319.0,0.46154,1,adoration,,,,,,,
320.0,0.84615,1,sexual_desire,,,,,,,
321.0,0.30769,1,surprise,,,,,,,
322.0,0.38462,1,adoration,,,,,,,
323.0,0.30769,1,amusement,,,,,,,
324.0,0.30769,1,anxiety,,,,,,,
325.0,0.38462,1,entrancement,,,,,,,
326.0,0.38462,1,amusement,,,,,,,
327.0,0.57692,1,romance,,,,,,,
328.0,0.46154,1,amusement,,,,,,,
329.0,0.46154,1,anxiety,,,,,,,
330.0,0.42308,1,awe,,,,,,,
331.0,0.46154,1,joy,,,,,,,
332.0,0.46154,1,confusion,,,,,,,
333.0,0.61538,1,sadness,,,,,,,
334.0,0.30769,1,fear,,,,,,,
335.0,0.30769,1,disgust,,,,,,,
336.0,0.30769,1,amusement,,,,,,,
337.0,0.92308,1,sexual_desire,,,,,,,
338.0,0.30769,1,surprise,,,,,,,
339.0,0.69231,1,calmness,,,,,,,
340.0,0.23077,4,amusement,awe,interest,surprise,,,,
341.0,0.30769,2,interest,surprise,,,,,,
342.0,0.38462,1,joy,,,,,,,
343.0,0.30769,2,interest,surprise,,,,,,
344.0,0.76923,1,adoration,,,,,,,
345.0,0.84615,1,disgust,,,,,,,
346.0,0.38462,1,amusement,,,,,,,
347.0,0.46154,1,amusement,,,,,,,
348.0,0.69231,1,calmness,,,,,,,
349.0,0.61538,1,aesthetic_appreciation,,,,,,,
350.0,0.61538,1,romance,,,,,,,
351.0,0.23077,1,boredom,,,,,,,
352.0,0.38462,1,interest,,,,,,,
353.0,0.38462,1,surprise,,,,,,,
354.0,0.69231,1,nostalgia,,,,,,,
355.0,0.92308,1,disgust,,,,,,,
356.0,0.69231,1,nostalgia,,,,,,,
357.0,0.46154,1,awe,,,,,,,
358.0,0.38462,1,amusement,,,,,,,
359.0,0.84615,1,sexual_desire,,,,,,,
360.0,0.38462,1,aesthetic_appreciation,,,,,,,
361.0,0.83333,1,amusement,,,,,,,
362.0,0.70833,1,sexual_desire,,,,,,,
363.0,0.58333,1,relief,,,,,,,
364.0,0.58333,2,fear,horror,,,,,,
365.0,0.70833,1,craving,,,,,,,
366.0,0.70833,1,adoration,,,,,,,
367.0,0.66667,1,confusion,,,,,,,
368.0,0.79167,1,nostalgia,,,,,,,
369.0,0.83333,1,romance,,,,,,,
370.0,0.58333,1,anxiety,,,,,,,
371.0,0.75,1,amusement,,,,,,,
372.0,0.625,1,anxiety,,,,,,,
373.0,0.33333,1,sexual_desire,,,,,,,
374.0,0.66667,1,fear,,,,,,,
375.0,0.58333,1,anxiety,,,,,,,
376.0,0.91667,1,sexual_desire,,,,,,,
377.0,0.70833,1,anxiety,,,,,,,
378.0,0.66667,1,nostalgia,,,,,,,
379.0,0.66667,1,fear,,,,,,,
380.0,0.66667,2,amusement,joy,,,,,,
381.0,0.58333,1,awe,,,,,,,
382.0,0.58333,1,confusion,,,,,,,
383.0,0.66667,1,disgust,,,,,,,
384.0,0.58333,1,aesthetic_appreciation,,,,,,,
385.0,0.75,1,anxiety,,,,,,,
386.0,0.41667,1,awe,,,,,,,
387.0,0.58333,1,horror,,,,,,,
388.0,0.58333,1,amusement,,,,,,,
389.0,0.58333,1,fear,,,,,,,
390.0,0.33333,1,interest,,,,,,,
391.0,0.65385,1,aesthetic_appreciation,,,,,,,
392.0,0.53846,1,adoration,,,,,,,
393.0,0.84615,1,disgust,,,,,,,
394.0,0.53846,1,interest,,,,,,,
395.0,0.76923,1,fear,,,,,,,
396.0,0.38462,1,aesthetic_appreciation,,,,,,,
397.0,0.61538,1,aesthetic_appreciation,,,,,,,
398.0,0.30769,1,sadness,,,,,,,
399.0,0.30769,2,amusement,surprise,,,,,,
400.0,0.73077,1,romance,,,,,,,
401.0,0.38462,1,sympathy,,,,,,,
402.0,0.46154,1,excitement,,,,,,,
403.0,0.61538,1,amusement,,,,,,,
404.0,0.42308,1,interest,,,,,,,
405.0,0.38462,1,fear,,,,,,,
406.0,0.65385,1,horror,,,,,,,
407.0,0.69231,1,amusement,,,,,,,
408.0,0.5,1,fear,,,,,,,
409.0,0.5,1,awe,,,,,,,
410.0,0.46154,1,nostalgia,,,,,,,
411.0,0.46154,1,adoration,,,,,,,
412.0,0.42308,1,amusement,,,,,,,
413.0,0.57692,1,adoration,,,,,,,
414.0,0.53846,1,disgust,,,,,,,
415.0,0.42308,2,admiration,amusement,,,,,,
416.0,0.76923,1,amusement,,,,,,,
417.0,0.46154,1,empathic_pain,,,,,,,
418.0,0.46154,1,awe,,,,,,,
419.0,0.65385,1,anxiety,,,,,,,
420.0,0.80769,1,amusement,,,,,,,
421.0,0.53846,1,nostalgia,,,,,,,
422.0,0.61538,1,fear,,,,,,,
423.0,0.76923,1,sexual_desire,,,,,,,
424.0,0.34615,1,amusement,,,,,,,
425.0,0.46154,1,amusement,,,,,,,
426.0,0.42308,1,interest,,,,,,,
427.0,0.69231,1,sexual_desire,,,,,,,
428.0,0.38462,1,interest,,,,,,,
429.0,0.69231,1,craving,,,,,,,
430.0,0.46154,1,amusement,,,,,,,
431.0,0.30769,1,amusement,,,,,,,
432.0,0.42308,1,amusement,,,,,,,
433.0,0.57692,1,romance,,,,,,,
434.0,0.65385,1,disgust,,,,,,,
435.0,0.42308,1,anxiety,,,,,,,
436.0,0.46154,1,anxiety,,,,,,,
437.0,0.53846,1,fear,,,,,,,
438.0,0.42308,1,amusement,,,,,,,
439.0,0.30769,2,confusion,horror,,,,,,
440.0,0.46154,1,amusement,,,,,,,
441.0,0.46154,1,disgust,,,,,,,
442.0,0.61538,1,amusement,,,,,,,
443.0,0.38462,1,fear,,,,,,,
444.0,0.57692,1,disgust,,,,,,,
445.0,0.38462,2,sadness,sympathy,,,,,,
446.0,0.30769,3,aesthetic_appreciation,calmness,interest,,,,,
447.0,0.57692,1,amusement,,,,,,,
448.0,0.30769,1,fear,,,,,,,
449.0,0.30769,1,entrancement,,,,,,,
450.0,0.46154,1,fear,,,,,,,
451.0,0.5,1,surprise,,,,,,,
452.0,0.66667,1,amusement,,,,,,,
453.0,0.75,1,confusion,,,,,,,
454.0,0.41667,2,joy,triumph,,,,,,
455.0,0.41667,1,romance,,,,,,,
456.0,0.75,1,romance,,,,,,,
457.0,0.41667,1,amusement,,,,,,,
458.0,1.0,1,craving,,,,,,,
459.0,0.41667,1,amusement,,,,,,,
460.0,0.58333,2,anxiety,fear,,,,,,
461.0,0.58333,1,horror,,,,,,,
462.0,0.5,1,amusement,,,,,,,
463.0,0.41667,2,amusement,interest,,,,,,
464.0,0.66667,1,disgust,,,,,,,
465.0,0.75,1,sexual_desire,,,,,,,
466.0,0.41667,1,interest,,,,,,,
467.0,0.58333,2,amusement,nostalgia,,,,,,
468.0,0.58333,1,surprise,,,,,,,
469.0,0.5,1,amusement,,,,,,,
470.0,0.25,2,awe,confusion,,,,,,
471.0,0.5,2,aesthetic_appreciation,interest,,,,,,
472.0,0.33333,1,amusement,,,,,,,
473.0,0.33333,1,sexual_desire,,,,,,,
474.0,0.41667,1,fear,,,,,,,
475.0,0.41667,1,aesthetic_appreciation,,,,,,,
476.0,0.41667,1,aesthetic_appreciation,,,,,,,
477.0,0.25,1,sadness,,,,,,,
478.0,0.41667,2,aesthetic_appreciation,entrancement,,,,,,
479.0,0.5,1,adoration,,,,,,,
480.0,0.5,1,joy,,,,,,,
481.0,0.65,1,horror,,,,,,,
482.0,0.6,1,fear,,,,,,,
483.0,0.6,1,adoration,,,,,,,
484.0,0.4,1,boredom,,,,,,,
485.0,0.4,1,interest,,,,,,,
486.0,0.7,1,amusement,,,,,,,
487.0,0.6,1,awe,,,,,,,
488.0,0.45,1,awe,,,,,,,
489.0,0.7,1,anxiety,,,,,,,
490.0,0.35,1,sadness,,,,,,,
491.0,0.5,2,amusement,surprise,,,,,,
492.0,0.3,3,anxiety,disappointment,sadness,,,,,
493.0,0.5,3,aesthetic_appreciation,awe,calmness,,,,,
494.0,0.5,1,disgust,,,,,,,
495.0,0.9,1,confusion,,,,,,,
496.0,0.4,1,aesthetic_appreciation,,,,,,,
497.0,0.35,1,amusement,,,,,,,
498.0,0.45,1,amusement,,,,,,,
499.0,0.6,1,entrancement,,,,,,,
500.0,0.55,1,interest,,,,,,,
501.0,0.9,1,sexual_desire,,,,,,,
502.0,0.4,1,interest,,,,,,,
503.0,0.8,1,amusement,,,,,,,
504.0,0.7,1,fear,,,,,,,
505.0,0.7,1,confusion,,,,,,,
506.0,0.35,1,triumph,,,,,,,
507.0,0.7,1,romance,,,,,,,
508.0,0.5,1,sexual_desire,,,,,,,
509.0,0.75,1,surprise,,,,,,,
510.0,0.9,1,confusion,,,,,,,
511.0,0.83333,1,sexual_desire,,,,,,,
512.0,0.58333,1,confusion,,,,,,,
513.0,0.5,1,disgust,,,,,,,
514.0,0.58333,1,disgust,,,,,,,
515.0,0.58333,1,aesthetic_appreciation,,,,,,,
516.0,0.33333,2,aesthetic_appreciation,entrancement,,,,,,
517.0,0.66667,1,fear,,,,,,,
518.0,0.5,2,adoration,amusement,,,,,,
519.0,0.58333,1,aesthetic_appreciation,,,,,,,
520.0,0.83333,1,sexual_desire,,,,,,,
521.0,0.58333,1,amusement,,,,,,,
522.0,0.5,1,empathic_pain,,,,,,,
523.0,0.33333,1,amusement,,,,,,,
524.0,0.41667,2,fear,horror,,,,,,
525.0,0.5,1,adoration,,,,,,,
526.0,0.83333,1,sexual_desire,,,,,,,
527.0,0.25,3,boredom,calmness,nostalgia,,,,,
528.0,0.5,1,adoration,,,,,,,
529.0,0.75,1,disgust,,,,,,,
530.0,0.66667,1,aesthetic_appreciation,,,,,,,
531.0,0.75,1,craving,,,,,,,
532.0,0.5,1,fear,,,,,,,
533.0,0.41667,1,entrancement,,,,,,,
534.0,0.41667,1,amusement,,,,,,,
535.0,0.75,1,aesthetic_appreciation,,,,,,,
536.0,0.5,1,relief,,,,,,,
537.0,0.41667,1,boredom,,,,,,,
538.0,0.41667,1,awe,,,,,,,
539.0,0.83333,1,sexual_desire,,,,,,,
540.0,0.5,1,excitement,,,,,,,
541.0,0.53846,1,aesthetic_appreciation,,,,,,,
542.0,0.46154,1,craving,,,,,,,
543.0,0.46154,1,romance,,,,,,,
544.0,0.46154,1,amusement,,,,,,,
545.0,0.46154,1,amusement,,,,,,,
546.0,0.5,1,awe,,,,,,,
547.0,0.38462,1,aesthetic_appreciation,,,,,,,
548.0,0.53846,1,fear,,,,,,,
549.0,0.23077,1,amusement,,,,,,,
550.0,0.46154,1,excitement,,,,,,,
551.0,0.92308,1,disgust,,,,,,,
552.0,0.38462,1,sexual_desire,,,,,,,
553.0,0.5,1,awe,,,,,,,
554.0,0.30769,1,fear,,,,,,,
555.0,0.46154,1,aesthetic_appreciation,,,,,,,
556.0,1.0,1,sexual_desire,,,,,,,
557.0,0.23077,4,disgust,fear,interest,surprise,,,,
558.0,0.53846,1,fear,,,,,,,
559.0,0.38462,2,amusement,surprise,,,,,,
560.0,0.76923,1,romance,,,,,,,
561.0,0.46154,1,craving,,,,,,,
562.0,0.69231,1,sexual_desire,,,,,,,
563.0,0.38462,1,fear,,,,,,,
564.0,0.69231,1,fear,,,,,,,
565.0,0.69231,1,horror,,,,,,,
566.0,0.69231,1,disgust,,,,,,,
567.0,0.76923,1,sexual_desire,,,,,,,
568.0,0.46154,1,fear,,,,,,,
569.0,0.34615,2,aesthetic_appreciation,awe,,,,,,
570.0,0.53846,1,relief,,,,,,,
571.0,0.625,1,craving,,,,,,,
572.0,0.46875,1,amusement,,,,,,,
573.0,0.5625,1,adoration,,,,,,,
574.0,0.875,1,amusement,,,,,,,
575.0,0.4375,1,confusion,,,,,,,
576.0,0.4375,1,amusement,,,,,,,
577.0,0.5,1,amusement,,,,,,,
578.0,0.875,1,amusement,,,,,,,
579.0,0.5625,1,amusement,,,,,,,
580.0,0.5625,2,aesthetic_appreciation,calmness,,,,,,
581.0,0.53125,1,awe,,,,,,,
582.0,0.625,1,amusement,,,,,,,
583.0,0.46875,1,awe,,,,,,,
584.0,0.5625,1,adoration,,,,,,,
585.0,0.3125,1,aesthetic_appreciation,,,,,,,
586.0,0.4375,1,awe,,,,,,,
587.0,0.6875,1,sexual_desire,,,,,,,
588.0,0.25,1,surprise,,,,,,,
589.0,0.5,1,awe,,,,,,,
590.0,0.5,1,calmness,,,,,,,
591.0,0.3125,2,amusement,joy,,,,,,
592.0,0.46875,1,amusement,,,,,,,
593.0,0.65625,1,joy,,,,,,,
594.0,0.3125,1,awkwardness,,,,,,,
595.0,0.375,1,anger,,,,,,,
596.0,0.5,1,confusion,,,,,,,
597.0,0.5625,1,joy,,,,,,,
598.0,0.59375,1,anxiety,,,,,,,
599.0,0.5625,1,sexual_desire,,,,,,,
600.0,0.46875,1,amusement,,,,,,,
601.0,0.75,1,aesthetic_appreciation,,,,,,,
602.0,0.58333,1,surprise,,,,,,,
603.0,0.41667,2,anxiety,interest,,,,,,
604.0,0.91667,1,anxiety,,,,,,,
605.0,0.58333,1,joy,,,,,,,
606.0,0.91667,1,horror,,,,,,,
607.0,0.5,1,surprise,,,,,,,
608.0,0.41667,1,adoration,,,,,,,
609.0,0.66667,1,amusement,,,,,,,
610.0,0.66667,1,boredom,,,,,,,
611.0,0.75,1,sadness,,,,,,,
612.0,0.5,1,aesthetic_appreciation,,,,,,,
613.0,0.33333,2,aesthetic_appreciation,interest,,,,,,
614.0,0.5,2,amusement,awe,,,,,,
615.0,0.75,1,anxiety,,,,,,,
616.0,0.33333,2,aesthetic_appreciation,amusement,,,,,,
617.0,0.5,2,adoration,joy,,,,,,
618.0,0.66667,1,amusement,,,,,,,
619.0,0.41667,1,awe,,,,,,,
620.0,0.58333,1,amusement,,,,,,,
621.0,0.5,1,interest,,,,,,,
622.0,0.41667,1,amusement,,,,,,,
623.0,0.25,2,awe,surprise,,,,,,
624.0,0.16667,8,anxiety,awe,confusion,excitement,fear,interest,sadness,sympathy
625.0,0.5,3,adoration,amusement,joy,,,,,
626.0,0.33333,1,anxiety,,,,,,,
627.0,0.41667,2,adoration,joy,,,,,,
628.0,0.41667,1,joy,,,,,,,
629.0,0.41667,1,interest,,,,,,,
630.0,0.41667,1,nostalgia,,,,,,,
631.0,0.53846,1,aesthetic_appreciation,,,,,,,
632.0,0.46154,1,horror,,,,,,,
633.0,0.61538,1,amusement,,,,,,,
634.0,0.46154,1,disgust,,,,,,,
635.0,0.61538,1,romance,,,,,,,
636.0,0.69231,1,aesthetic_appreciation,,,,,,,
637.0,0.30769,1,triumph,,,,,,,
638.0,0.38462,1,amusement,,,,,,,
639.0,0.46154,2,awe,interest,,,,,,
640.0,0.61538,1,amusement,,,,,,,
641.0,0.92308,1,sexual_desire,,,,,,,
642.0,0.69231,1,amusement,,,,,,,
643.0,0.61538,1,horror,,,,,,,
644.0,0.69231,1,disgust,,,,,,,
645.0,0.69231,1,aesthetic_appreciation,,,,,,,
646.0,0.5,1,horror,,,,,,,
647.0,0.5,1,horror,,,,,,,
648.0,0.42308,1,anxiety,,,,,,,
649.0,0.46154,1,amusement,,,,,,,
650.0,0.53846,1,joy,,,,,,,
651.0,0.53846,1,aesthetic_appreciation,,,,,,,
652.0,0.46154,1,aesthetic_appreciation,,,,,,,
653.0,0.76923,1,amusement,,,,,,,
654.0,0.61538,1,amusement,,,,,,,
655.0,0.76923,1,sexual_desire,,,,,,,
656.0,0.84615,1,amusement,,,,,,,
657.0,0.53846,1,amusement,,,,,,,
658.0,0.23077,3,aesthetic_appreciation,boredom,interest,,,,,
659.0,0.38462,1,aesthetic_appreciation,,,,,,,
660.0,0.76923,1,amusement,,,,,,,
661.0,0.81818,1,sexual_desire,,,,,,,
662.0,0.5,1,interest,,,,,,,
663.0,0.40909,1,awe,,,,,,,
664.0,0.31818,1,interest,,,,,,,
665.0,0.45455,1,disgust,,,,,,,
666.0,0.54545,1,joy,,,,,,,
667.0,0.63636,1,disgust,,,,,,,
668.0,0.36364,1,amusement,,,,,,,
669.0,0.36364,3,aesthetic_appreciation,awe,entrancement,,,,,
670.0,0.54545,1,amusement,,,,,,,
671.0,0.54545,1,awe,,,,,,,
672.0,0.36364,1,entrancement,,,,,,,
673.0,0.72727,1,sadness,,,,,,,
674.0,0.63636,1,horror,,,,,,,
675.0,0.54545,1,triumph,,,,,,,
676.0,0.36364,2,awe,entrancement,,,,,,
677.0,0.27273,1,surprise,,,,,,,
678.0,0.45455,1,craving,,,,,,,
679.0,0.27273,3,boredom,calmness,nostalgia,,,,,
680.0,0.45455,1,amusement,,,,,,,
681.0,0.45455,2,anger,disgust,,,,,,
682.0,0.5,2,adoration,joy,,,,,,
683.0,0.5,1,adoration,,,,,,,
684.0,0.54545,1,awe,,,,,,,
685.0,0.31818,1,amusement,,,,,,,
686.0,0.36364,1,interest,,,,,,,
687.0,0.72727,1,fear,,,,,,,
688.0,0.72727,1,joy,,,,,,,
689.0,0.45455,2,amusement,joy,,,,,,
690.0,0.36364,2,anxiety,fear,,,,,,
691.0,0.5,1,amusement,,,,,,,
692.0,0.375,1,confusion,,,,,,,
693.0,0.33333,1,boredom,,,,,,,
694.0,0.33333,1,boredom,,,,,,,
695.0,0.33333,1,confusion,,,,,,,
696.0,0.375,1,confusion,,,,,,,
697.0,0.41667,1,boredom,,,,,,,
698.0,0.33333,3,awe,excitement,surprise,,,,,
699.0,0.83333,1,horror,,,,,,,
700.0,0.41667,2,sadness,sympathy,,,,,,
701.0,0.58333,1,excitement,,,,,,,
702.0,0.66667,1,amusement,,,,,,,
703.0,0.41667,1,fear,,,,,,,
704.0,0.58333,1,boredom,,,,,,,
705.0,0.5,1,amusement,,,,,,,
706.0,0.625,1,fear,,,,,,,
707.0,0.33333,2,disgust,sexual_desire,,,,,,
708.0,0.54167,1,amusement,,,,,,,
709.0,0.75,1,sexual_desire,,,,,,,
710.0,0.5,1,nostalgia,,,,,,,
711.0,0.75,1,romance,,,,,,,
712.0,0.66667,1,nostalgia,,,,,,,
713.0,1.0,1,disgust,,,,,,,
714.0,0.66667,1,amusement,,,,,,,
715.0,0.83333,1,amusement,,,,,,,
716.0,0.70833,1,amusement,,,,,,,
717.0,0.54167,1,sadness,,,,,,,
718.0,0.41667,1,awe,,,,,,,
719.0,0.25,2,confusion,surprise,,,,,,
720.0,0.33333,1,amusement,,,,,,,
721.0,0.42857,1,awe,,,,,,,
722.0,0.5,1,anxiety,,,,,,,
723.0,0.57143,1,interest,,,,,,,
724.0,0.5,1,anxiety,,,,,,,
725.0,0.35714,3,amusement,awe,interest,,,,,
726.0,0.78571,1,amusement,,,,,,,
727.0,0.42857,2,amusement,fear,,,,,,
728.0,0.5,1,amusement,,,,,,,
729.0,0.57143,1,disgust,,,,,,,
730.0,0.5,1,fear,,,,,,,
731.0,0.64286,1,amusement,,,,,,,
732.0,0.5,1,sexual_desire,,,,,,,
733.0,0.42857,1,anger,,,,,,,
734.0,0.35714,1,amusement,,,,,,,
735.0,0.64286,1,interest,,,,,,,
736.0,0.64286,1,sadness,,,,,,,
737.0,0.35714,2,adoration,joy,,,,,,
738.0,0.5,1,interest,,,,,,,
739.0,0.42857,2,adoration,amusement,,,,,,
740.0,0.78571,1,amusement,,,,,,,
741.0,0.85714,1,amusement,,,,,,,
742.0,0.35714,2,amusement,awe,,,,,,
743.0,0.42857,2,aesthetic_appreciation,calmness,,,,,,
744.0,0.57143,1,horror,,,,,,,
745.0,0.57143,1,awe,,,,,,,
746.0,0.28571,3,empathic_pain,fear,horror,,,,,
747.0,0.57143,1,amusement,,,,,,,
748.0,0.21429,3,amusement,boredom,nostalgia,,,,,
749.0,0.71429,1,sexual_desire,,,,,,,
750.0,0.57143,2,fear,horror,,,,,,
751.0,0.27273,1,aesthetic_appreciation,,,,,,,
752.0,0.45455,1,nostalgia,,,,,,,
753.0,0.36364,1,interest,,,,,,,
754.0,0.36364,3,aesthetic_appreciation,entrancement,interest,,,,,
755.0,0.45455,1,amusement,,,,,,,
756.0,0.90909,1,sadness,,,,,,,
757.0,0.45455,1,aesthetic_appreciation,,,,,,,
758.0,0.54545,1,amusement,,,,,,,
759.0,0.54545,1,horror,,,,,,,
760.0,0.81818,1,disgust,,,,,,,
761.0,0.31818,1,entrancement,,,,,,,
762.0,0.59091,1,amusement,,,,,,,
763.0,0.27273,1,interest,,,,,,,
764.0,0.40909,1,awe,,,,,,,
765.0,0.45455,1,fear,,,,,,,
766.0,0.63636,1,awe,,,,,,,
767.0,0.40909,1,anxiety,,,,,,,
768.0,0.45455,1,disgust,,,,,,,
769.0,0.63636,1,amusement,,,,,,,
770.0,0.63636,1,awkwardness,,,,,,,
771.0,0.36364,1,aesthetic_appreciation,,,,,,,
772.0,0.72727,1,sexual_desire,,,,,,,
773.0,0.63636,1,romance,,,,,,,
774.0,0.45455,1,surprise,,,,,,,
775.0,0.18182,4,amusement,excitement,interest,joy,,,,
776.0,0.27273,3,disgust,fear,surprise,,,,,
777.0,0.63636,1,sadness,,,,,,,
778.0,0.45455,1,amusement,,,,,,,
779.0,0.31818,1,joy,,,,,,,
780.0,0.90909,1,craving,,,,,,,
781.0,0.46154,1,disgust,,,,,,,
782.0,0.61538,1,horror,,,,,,,
783.0,0.46154,1,confusion,,,,,,,
784.0,0.38462,2,pride,triumph,,,,,,
785.0,0.46154,1,nostalgia,,,,,,,
786.0,0.38462,2,aesthetic_appreciation,calmness,,,,,,
787.0,0.23077,4,amusement,confusion,empathic_pain,surprise,,,,
788.0,0.38462,2,amusement,surprise,,,,,,
789.0,0.46154,1,craving,,,,,,,
790.0,0.61538,1,horror,,,,,,,
791.0,0.61538,1,sexual_desire,,,,,,,
792.0,0.69231,1,disgust,,,,,,,
793.0,0.30769,1,confusion,,,,,,,
794.0,0.30769,2,admiration,awe,,,,,,
795.0,0.76923,1,romance,,,,,,,
796.0,0.23077,4,admiration,amusement,nostalgia,triumph,,,,
797.0,0.38462,2,amusement,confusion,,,,,,
798.0,0.76923,1,sexual_desire,,,,,,,
799.0,0.53846,1,craving,,,,,,,
800.0,0.38462,1,adoration,,,,,,,
801.0,0.61538,1,aesthetic_appreciation,,,,,,,
802.0,0.61538,1,aesthetic_appreciation,,,,,,,
803.0,0.69231,1,sadness,,,,,,,
804.0,0.76923,1,disgust,,,,,,,
805.0,0.38462,1,sadness,,,,,,,
806.0,0.38462,2,boredom,nostalgia,,,,,,
807.0,0.46154,1,interest,,,,,,,
808.0,0.38462,1,fear,,,,,,,
809.0,0.38462,1,interest,,,,,,,
810.0,0.38462,1,nostalgia,,,,,,,
811.0,0.41667,1,horror,,,,,,,
812.0,0.25,2,boredom,excitement,,,,,,
813.0,0.66667,1,disgust,,,,,,,
814.0,0.33333,1,boredom,,,,,,,
815.0,0.41667,1,adoration,,,,,,,
816.0,0.75,1,sexual_desire,,,,,,,
817.0,0.33333,2,amusement,interest,,,,,,
818.0,0.83333,1,craving,,,,,,,
819.0,0.5,1,nostalgia,,,,,,,
820.0,0.83333,1,amusement,,,,,,,
821.0,0.5,1,amusement,,,,,,,
822.0,0.5,1,entrancement,,,,,,,
823.0,0.5,1,amusement,,,,,,,
824.0,0.33333,2,confusion,entrancement,,,,,,
825.0,0.33333,1,fear,,,,,,,
826.0,0.5,1,disgust,,,,,,,
827.0,0.33333,1,confusion,,,,,,,
828.0,0.5,1,aesthetic_appreciation,,,,,,,
829.0,0.5,2,disgust,empathic_pain,,,,,,
830.0,1.0,1,craving,,,,,,,
831.0,0.41667,2,awe,fear,,,,,,
832.0,0.66667,1,sexual_desire,,,,,,,
833.0,0.41667,1,entrancement,,,,,,,
834.0,0.5,1,relief,,,,,,,
835.0,0.25,4,anxiety,entrancement,fear,interest,,,,
836.0,0.58333,1,disgust,,,,,,,
837.0,0.41667,1,sexual_desire,,,,,,,
838.0,0.58333,1,amusement,,,,,,,
839.0,0.66667,1,disgust,,,,,,,
840.0,0.58333,1,amusement,,,,,,,
841.0,0.5,1,horror,,,,,,,
842.0,0.5,1,interest,,,,,,,
843.0,0.4,1,interest,,,,,,,
844.0,0.4,1,interest,,,,,,,
845.0,0.5,1,anxiety,,,,,,,
846.0,0.4,1,interest,,,,,,,
847.0,0.5,1,interest,,,,,,,
848.0,0.4,1,aesthetic_appreciation,,,,,,,
849.0,0.3,2,disgust,surprise,,,,,,
850.0,0.6,1,sexual_desire,,,,,,,
851.0,0.7,1,amusement,,,,,,,
852.0,0.6,1,amusement,,,,,,,
853.0,0.6,1,anxiety,,,,,,,
854.0,0.5,1,amusement,,,,,,,
855.0,0.4,1,horror,,,,,,,
856.0,0.6,1,horror,,,,,,,
857.0,0.8,1,disgust,,,,,,,
858.0,0.8,1,amusement,,,,,,,
859.0,0.8,1,amusement,,,,,,,
860.0,0.7,1,sadness,,,,,,,
861.0,0.6,1,disgust,,,,,,,
862.0,0.5,1,amusement,,,,,,,
863.0,0.7,1,disgust,,,,,,,
864.0,0.7,1,amusement,,,,,,,
865.0,0.9,1,disgust,,,,,,,
866.0,0.7,1,horror,,,,,,,
867.0,0.5,2,amusement,nostalgia,,,,,,
868.0,0.4,1,amusement,,,,,,,
869.0,0.5,2,empathic_pain,horror,,,,,,
870.0,0.5,1,aesthetic_appreciation,,,,,,,
871.0,0.26923,2,amusement,surprise,,,,,,
872.0,0.65385,1,awkwardness,,,,,,,
873.0,0.65385,1,amusement,,,,,,,
874.0,0.69231,1,disgust,,,,,,,
875.0,0.53846,1,awe,,,,,,,
876.0,1.0,1,disgust,,,,,,,
877.0,0.46154,1,fear,,,,,,,
878.0,1.0,1,sexual_desire,,,,,,,
879.0,0.46154,2,amusement,boredom,,,,,,
880.0,0.84615,1,craving,,,,,,,
881.0,0.46154,1,awe,,,,,,,
882.0,0.53846,1,awkwardness,,,,,,,
883.0,1.0,1,craving,,,,,,,
884.0,0.61538,1,craving,,,,,,,
885.0,0.30769,2,fear,interest,,,,,,
886.0,0.53846,1,fear,,,,,,,
887.0,0.61538,1,horror,,,,,,,
888.0,0.76923,1,disgust,,,,,,,
889.0,0.69231,1,fear,,,,,,,
890.0,0.42308,1,awe,,,,,,,
891.0,0.30769,2,boredom,confusion,,,,,,
892.0,0.61538,1,amusement,,,,,,,
893.0,0.76923,1,craving,,,,,,,
894.0,0.53846,1,amusement,,,,,,,
895.0,0.34615,1,aesthetic_appreciation,,,,,,,
896.0,1.0,1,craving,,,,,,,
897.0,0.76923,1,amusement,,,,,,,
898.0,0.92308,1,craving,,,,,,,
899.0,0.46154,1,excitement,,,,,,,
900.0,0.46154,2,anxiety,fear,,,,,,
901.0,0.46154,1,entrancement,,,,,,,
902.0,0.69231,1,romance,,,,,,,
903.0,0.38462,1,aesthetic_appreciation,,,,,,,
904.0,0.53846,2,amusement,awe,,,,,,
905.0,0.46154,1,disgust,,,,,,,
906.0,0.69231,1,amusement,,,,,,,
907.0,0.38462,2,empathic_pain,surprise,,,,,,
908.0,0.46154,1,anxiety,,,,,,,
909.0,0.30769,1,fear,,,,,,,
910.0,1.0,1,amusement,,,,,,,
911.0,0.53846,1,empathic_pain,,,,,,,
912.0,0.53846,1,amusement,,,,,,,
913.0,0.30769,2,disgust,sadness,,,,,,
914.0,0.61538,1,sadness,,,,,,,
915.0,0.61538,1,awe,,,,,,,
916.0,0.61538,1,aesthetic_appreciation,,,,,,,
917.0,0.38462,1,amusement,,,,,,,
918.0,0.69231,1,amusement,,,,,,,
919.0,0.76923,1,craving,,,,,,,
920.0,0.53846,1,amusement,,,,,,,
921.0,0.38462,1,excitement,,,,,,,
922.0,1.0,1,sexual_desire,,,,,,,
923.0,0.38462,1,admiration,,,,,,,
924.0,0.61538,1,amusement,,,,,,,
925.0,0.53846,1,fear,,,,,,,
926.0,0.84615,1,disgust,,,,,,,
927.0,0.46154,2,adoration,awe,,,,,,
928.0,0.53846,1,amusement,,,,,,,
929.0,1.0,1,disgust,,,,,,,
930.0,0.38462,2,interest,surprise,,,,,,
931.0,0.71429,1,amusement,,,,,,,
932.0,0.42857,1,amusement,,,,,,,
933.0,0.28571,1,joy,,,,,,,
934.0,0.28571,1,confusion,,,,,,,
935.0,0.21429,3,fear,horror,sadness,,,,,
936.0,0.5,1,sexual_desire,,,,,,,
937.0,0.5,1,disgust,,,,,,,
938.0,0.71429,1,amusement,,,,,,,
939.0,0.21429,1,awe,,,,,,,
940.0,0.57143,1,fear,,,,,,,
941.0,0.35714,2,awe,excitement,,,,,,
942.0,0.71429,1,sexual_desire,,,,,,,
943.0,0.57143,1,nostalgia,,,,,,,
944.0,0.5,1,amusement,,,,,,,
945.0,0.35714,1,entrancement,,,,,,,
946.0,0.5,1,nostalgia,,,,,,,
947.0,0.28571,2,awkwardness,romance,,,,,,
948.0,0.35714,1,confusion,,,,,,,
949.0,0.42857,1,fear,,,,,,,
950.0,0.5,1,amusement,,,,,,,
951.0,0.28571,1,calmness,,,,,,,
952.0,0.5,1,awe,,,,,,,
953.0,0.71429,1,amusement,,,,,,,
954.0,0.92857,1,sexual_desire,,,,,,,
955.0,0.21429,2,confusion,disgust,,,,,,
956.0,0.42857,1,confusion,,,,,,,
957.0,0.57143,1,amusement,,,,,,,
958.0,0.28571,2,empathic_pain,horror,,,,,,
959.0,0.64286,1,amusement,,,,,,,
960.0,0.57143,1,interest,,,,,,,
961.0,0.58333,1,calmness,,,,,,,
962.0,0.5,2,anxiety,horror,,,,,,
963.0,0.58333,1,aesthetic_appreciation,,,,,,,
964.0,0.75,1,romance,,,,,,,
965.0,0.58333,1,horror,,,,,,,
966.0,0.66667,1,amusement,,,,,,,
967.0,0.33333,1,aesthetic_appreciation,,,,,,,
968.0,0.41667,1,disgust,,,,,,,
969.0,0.66667,1,aesthetic_appreciation,,,,,,,
970.0,0.33333,3,anxiety,awe,excitement,,,,,
971.0,0.41667,2,anger,sadness,,,,,,
972.0,0.33333,3,adoration,amusement,joy,,,,,
973.0,0.58333,1,fear,,,,,,,
974.0,0.5,1,awe,,,,,,,
975.0,0.83333,1,sadness,,,,,,,
976.0,0.75,1,surprise,,,,,,,
977.0,0.33333,2,confusion,sadness,,,,,,
978.0,0.33333,1,joy,,,,,,,
979.0,0.33333,4,amusement,confusion,disgust,surprise,,,,
980.0,0.58333,1,amusement,,,,,,,
981.0,0.5,1,amusement,,,,,,,
982.0,0.25,2,amusement,awe,,,,,,
983.0,0.5,1,awe,,,,,,,
984.0,0.5,1,aesthetic_appreciation,,,,,,,
985.0,0.33333,2,amusement,anxiety,,,,,,
986.0,0.41667,2,excitement,fear,,,,,,
987.0,0.5,1,amusement,,,,,,,
988.0,0.33333,1,interest,,,,,,,
989.0,0.58333,1,disgust,,,,,,,
990.0,0.5,1,amusement,,,,,,,
991.0,0.66667,1,disgust,,,,,,,
992.0,0.66667,1,amusement,,,,,,,
993.0,0.66667,1,amusement,,,,,,,
994.0,0.58333,1,interest,,,,,,,
995.0,0.5,1,amusement,,,,,,,
996.0,0.58333,1,awe,,,,,,,
997.0,0.91667,1,sexual_desire,,,,,,,
998.0,0.58333,1,amusement,,,,,,,
999.0,0.58333,1,disgust,,,,,,,
1000.0,0.75,1,amusement,,,,,,,
1001.0,0.58333,1,fear,,,,,,,
1002.0,0.58333,1,surprise,,,,,,,
1003.0,0.75,1,nostalgia,,,,,,,
1004.0,0.66667,1,sadness,,,,,,,
1005.0,0.33333,1,amusement,,,,,,,
1006.0,0.5,1,interest,,,,,,,
1007.0,0.58333,1,interest,,,,,,,
1008.0,1.0,1,sexual_desire,,,,,,,
1009.0,0.41667,1,amusement,,,,,,,
1010.0,0.75,1,amusement,,,,,,,
1011.0,0.58333,1,amusement,,,,,,,
1012.0,0.33333,1,excitement,,,,,,,
1013.0,0.41667,1,interest,,,,,,,
1014.0,0.66667,1,horror,,,,,,,
1015.0,0.33333,2,amusement,surprise,,,,,,
1016.0,0.66667,1,romance,,,,,,,
1017.0,0.66667,1,amusement,,,,,,,
1018.0,0.33333,1,boredom,,,,,,,
1019.0,0.41667,1,disgust,,,,,,,
1020.0,0.5,1,awe,,,,,,,
1021.0,0.18182,6,confusion,excitement,fear,horror,sadness,surprise,,
1022.0,0.81818,1,aesthetic_appreciation,,,,,,,
1023.0,0.27273,2,awe,interest,,,,,,
1024.0,0.31818,1,boredom,,,,,,,
1025.0,0.63636,1,aesthetic_appreciation,,,,,,,
1026.0,0.63636,1,horror,,,,,,,
1027.0,0.40909,1,confusion,,,,,,,
1028.0,0.40909,1,romance,,,,,,,
1029.0,0.36364,3,adoration,amusement,awe,,,,,
1030.0,0.36364,1,awe,,,,,,,
1031.0,0.5,1,amusement,,,,,,,
1032.0,0.72727,1,joy,,,,,,,
1033.0,0.63636,1,amusement,,,,,,,
1034.0,0.72727,1,joy,,,,,,,
1035.0,0.45455,1,awe,,,,,,,
1036.0,0.63636,1,amusement,,,,,,,
1037.0,0.45455,1,admiration,,,,,,,
1038.0,0.54545,1,sexual_desire,,,,,,,
1039.0,0.72727,1,amusement,,,,,,,
1040.0,0.5,1,interest,,,,,,,
1041.0,0.27273,2,anxiety,surprise,,,,,,
1042.0,0.63636,1,fear,,,,,,,
1043.0,0.86364,1,amusement,,,,,,,
1044.0,1.0,1,disgust,,,,,,,
1045.0,0.45455,1,nostalgia,,,,,,,
1046.0,0.81818,1,amusement,,,,,,,
1047.0,0.81818,1,amusement,,,,,,,
1048.0,0.45455,1,aesthetic_appreciation,,,,,,,
1049.0,0.63636,1,amusement,,,,,,,
1050.0,0.45455,1,interest,,,,,,,
1051.0,0.81818,1,sexual_desire,,,,,,,
1052.0,0.36364,1,confusion,,,,,,,
1053.0,0.72727,1,craving,,,,,,,
1054.0,0.72727,1,romance,,,,,,,
1055.0,0.54545,1,nostalgia,,,,,,,
1056.0,0.81818,1,romance,,,,,,,
1057.0,0.63636,1,nostalgia,,,,,,,
1058.0,0.54545,1,amusement,,,,,,,
1059.0,0.45455,1,amusement,,,,,,,
1060.0,0.81818,1,amusement,,,,,,,
1061.0,0.54545,1,aesthetic_appreciation,,,,,,,
1062.0,0.45455,1,adoration,,,,,,,
1063.0,0.27273,3,adoration,amusement,awe,,,,,
1064.0,0.72727,1,confusion,,,,,,,
1065.0,0.27273,2,amusement,entrancement,,,,,,
1066.0,0.63636,1,interest,,,,,,,
1067.0,0.36364,2,awe,interest,,,,,,
1068.0,0.54545,1,interest,,,,,,,
1069.0,0.81818,1,sexual_desire,,,,,,,
1070.0,0.54545,1,nostalgia,,,,,,,
1071.0,0.63636,1,aesthetic_appreciation,,,,,,,
1072.0,0.45455,1,surprise,,,,,,,
1073.0,0.54545,1,fear,,,,,,,
1074.0,0.63636,1,romance,,,,,,,
1075.0,0.45455,1,interest,,,,,,,
1076.0,0.36364,1,fear,,,,,,,
1077.0,0.36364,1,sympathy,,,,,,,
1078.0,0.72727,1,craving,,,,,,,
1079.0,0.45455,1,fear,,,,,,,
1080.0,0.54545,1,aesthetic_appreciation,,,,,,,
1081.0,0.41667,1,amusement,,,,,,,
1082.0,0.41667,1,amusement,,,,,,,
1083.0,0.75,1,nostalgia,,,,,,,
1084.0,0.33333,2,amusement,awe,,,,,,
1085.0,0.41667,1,amusement,,,,,,,
1086.0,0.41667,1,joy,,,,,,,
1087.0,0.75,1,amusement,,,,,,,
1088.0,0.41667,1,amusement,,,,,,,
1089.0,0.58333,1,amusement,,,,,,,
1090.0,0.375,1,empathic_pain,,,,,,,
1091.0,0.66667,1,amusement,,,,,,,
1092.0,0.41667,1,adoration,,,,,,,
1093.0,0.58333,1,joy,,,,,,,
1094.0,0.25,1,amusement,,,,,,,
1095.0,0.33333,1,interest,,,,,,,
1096.0,0.33333,2,fear,relief,,,,,,
1097.0,0.66667,1,amusement,,,,,,,
1098.0,0.41667,1,amusement,,,,,,,
1099.0,0.29167,2,amusement,awe,,,,,,
1100.0,0.29167,2,confusion,interest,,,,,,
1101.0,0.66667,1,sadness,,,,,,,
1102.0,0.54167,1,amusement,,,,,,,
1103.0,0.75,1,disgust,,,,,,,
1104.0,0.33333,2,amusement,awe,,,,,,
1105.0,0.66667,1,nostalgia,,,,,,,
1106.0,0.75,1,amusement,,,,,,,
1107.0,0.66667,1,romance,,,,,,,
1108.0,0.375,1,interest,,,,,,,
1109.0,0.33333,2,disgust,fear,,,,,,
1110.0,0.25,1,aesthetic_appreciation,,,,,,,
1111.0,0.72727,1,horror,,,,,,,
1112.0,0.72727,1,amusement,,,,,,,
1113.0,0.45455,1,adoration,,,,,,,
1114.0,0.45455,2,anxiety,fear,,,,,,
1115.0,0.54545,1,fear,,,,,,,
1116.0,0.63636,1,sexual_desire,,,,,,,
1117.0,0.54545,1,disgust,,,,,,,
1118.0,0.45455,1,disgust,,,,,,,
1119.0,0.27273,4,anger,anxiety,disgust,sadness,,,,
1120.0,0.63636,1,aesthetic_appreciation,,,,,,,
1121.0,0.45455,1,aesthetic_appreciation,,,,,,,
1122.0,0.54545,1,disgust,,,,,,,
1123.0,0.81818,1,disgust,,,,,,,
1124.0,0.72727,1,amusement,,,,,,,
1125.0,0.45455,1,nostalgia,,,,,,,
1126.0,0.72727,1,horror,,,,,,,
1127.0,0.54545,1,adoration,,,,,,,
1128.0,0.54545,1,amusement,,,,,,,
1129.0,0.36364,1,sexual_desire,,,,,,,
1130.0,0.45455,1,triumph,,,,,,,
1131.0,0.45455,1,amusement,,,,,,,
1132.0,0.72727,1,aesthetic_appreciation,,,,,,,
1133.0,0.81818,1,amusement,,,,,,,
1134.0,0.36364,1,amusement,,,,,,,
1135.0,0.36364,1,interest,,,,,,,
1136.0,0.72727,1,disgust,,,,,,,
1137.0,0.18182,7,anxiety,confusion,disgust,fear,horror,interest,sadness,
1138.0,0.72727,1,craving,,,,,,,
1139.0,0.36364,2,aesthetic_appreciation,interest,,,,,,
1140.0,0.45455,2,amusement,surprise,,,,,,
1141.0,0.42308,1,interest,,,,,,,
1142.0,0.53846,1,amusement,,,,,,,
1143.0,0.61538,1,aesthetic_appreciation,,,,,,,
1144.0,0.38462,1,entrancement,,,,,,,
1145.0,0.84615,1,amusement,,,,,,,
1146.0,0.42308,1,amusement,,,,,,,
1147.0,0.46154,1,amusement,,,,,,,
1148.0,0.38462,2,amusement,confusion,,,,,,
1149.0,0.46154,1,awe,,,,,,,
1150.0,0.46154,1,surprise,,,,,,,
1151.0,0.61538,1,aesthetic_appreciation,,,,,,,
1152.0,0.42308,1,awe,,,,,,,
1153.0,0.38462,1,interest,,,,,,,
1154.0,0.46154,1,amusement,,,,,,,
1155.0,0.53846,1,amusement,,,,,,,
1156.0,0.30769,1,anxiety,,,,,,,
1157.0,0.65385,1,adoration,,,,,,,
1158.0,0.65385,1,amusement,,,,,,,
1159.0,0.30769,2,adoration,amusement,,,,,,
1160.0,0.46154,1,fear,,,,,,,
1161.0,0.53846,1,amusement,,,,,,,
1162.0,0.38462,1,interest,,,,,,,
1163.0,0.34615,2,amusement,awe,,,,,,
1164.0,0.76923,1,sadness,,,,,,,
1165.0,0.69231,1,horror,,,,,,,
1166.0,0.30769,1,aesthetic_appreciation,,,,,,,
1167.0,0.53846,1,boredom,,,,,,,
1168.0,0.42308,1,interest,,,,,,,
1169.0,0.69231,1,sadness,,,,,,,
1170.0,0.84615,1,disgust,,,,,,,
1171.0,0.35714,2,amusement,confusion,,,,,,
1172.0,0.71429,1,fear,,,,,,,
1173.0,0.71429,1,amusement,,,,,,,
1174.0,0.35714,2,anger,disgust,,,,,,
1175.0,0.42857,1,amusement,,,,,,,
1176.0,0.42857,1,disgust,,,,,,,
1177.0,0.42857,1,romance,,,,,,,
1178.0,0.42857,1,boredom,,,,,,,
1179.0,0.64286,2,romance,sexual_desire,,,,,,
1180.0,0.64286,1,calmness,,,,,,,
1181.0,0.71429,1,empathic_pain,,,,,,,
1182.0,0.42857,1,confusion,,,,,,,
1183.0,0.28571,1,disgust,,,,,,,
1184.0,0.64286,1,horror,,,,,,,
1185.0,0.57143,1,empathic_pain,,,,,,,
1186.0,0.35714,1,anxiety,,,,,,,
1187.0,0.57143,1,amusement,,,,,,,
1188.0,0.42857,3,amusement,awe,joy,,,,,
1189.0,0.57143,1,fear,,,,,,,
1190.0,0.78571,1,disgust,,,,,,,
1191.0,0.42857,2,amusement,interest,,,,,,
1192.0,0.5,1,triumph,,,,,,,
1193.0,0.64286,1,calmness,,,,,,,
1194.0,1.0,1,disgust,,,,,,,
1195.0,0.5,1,aesthetic_appreciation,,,,,,,
1196.0,0.5,1,confusion,,,,,,,
1197.0,0.57143,1,fear,,,,,,,
1198.0,0.5,1,amusement,,,,,,,
1199.0,0.85714,1,disgust,,,,,,,
1200.0,0.57143,1,amusement,,,,,,,
1201.0,0.53333,1,romance,,,,,,,
1202.0,0.6,1,fear,,,,,,,
1203.0,0.4,1,surprise,,,,,,,
1204.0,0.6,1,horror,,,,,,,
1205.0,0.73333,1,craving,,,,,,,
1206.0,0.6,1,amusement,,,,,,,
1207.0,0.66667,1,craving,,,,,,,
1208.0,0.4,2,confusion,horror,,,,,,
1209.0,0.73333,1,amusement,,,,,,,
1210.0,0.46667,1,excitement,,,,,,,
1211.0,0.46667,1,awkwardness,,,,,,,
1212.0,0.66667,1,fear,,,,,,,
1213.0,0.6,1,amusement,,,,,,,
1214.0,0.73333,1,horror,,,,,,,
1215.0,0.53333,1,amusement,,,,,,,
1216.0,0.66667,1,calmness,,,,,,,
1217.0,0.6,1,disgust,,,,,,,
1218.0,0.4,2,excitement,triumph,,,,,,
1219.0,0.66667,1,fear,,,,,,,
1220.0,0.6,1,amusement,,,,,,,
1221.0,0.53333,1,fear,,,,,,,
1222.0,0.66667,1,disgust,,,,,,,
1223.0,0.46667,1,interest,,,,,,,
1224.0,0.8,1,disgust,,,,,,,
1225.0,0.66667,1,awkwardness,,,,,,,
1226.0,0.73333,1,horror,,,,,,,
1227.0,0.46667,1,horror,,,,,,,
1228.0,0.53333,1,sexual_desire,,,,,,,
1229.0,0.33333,2,amusement,disgust,,,,,,
1230.0,0.6,1,amusement,,,,,,,
1231.0,0.54545,1,sadness,,,,,,,
1232.0,0.45455,2,aesthetic_appreciation,calmness,,,,,,
1233.0,0.45455,1,amusement,,,,,,,
1234.0,0.54545,1,surprise,,,,,,,
1235.0,0.54545,1,fear,,,,,,,
1236.0,0.54545,1,amusement,,,,,,,
1237.0,0.36364,2,anxiety,sadness,,,,,,
1238.0,0.63636,1,sadness,,,,,,,
1239.0,0.36364,2,amusement,surprise,,,,,,
1240.0,0.45455,1,amusement,,,,,,,
1241.0,0.36364,1,awe,,,,,,,
1242.0,0.45455,1,amusement,,,,,,,
1243.0,0.27273,3,amusement,confusion,surprise,,,,,
1244.0,0.27273,3,aesthetic_appreciation,calmness,entrancement,,,,,
1245.0,0.54545,1,joy,,,,,,,
1246.0,0.54545,1,awe,,,,,,,
1247.0,1.0,1,sexual_desire,,,,,,,
1248.0,1.0,1,sexual_desire,,,,,,,
1249.0,0.54545,1,joy,,,,,,,
1250.0,0.27273,3,anxiety,awe,interest,,,,,
1251.0,0.27273,3,boredom,joy,nostalgia,,,,,
1252.0,0.36364,2,aesthetic_appreciation,awe,,,,,,
1253.0,0.63636,1,nostalgia,,,,,,,
1254.0,0.27273,1,amusement,,,,,,,
1255.0,0.36364,1,interest,,,,,,,
1256.0,0.27273,2,amusement,awkwardness,,,,,,
1257.0,0.45455,1,triumph,,,,,,,
1258.0,0.45455,1,surprise,,,,,,,
1259.0,0.90909,1,sadness,,,,,,,
1260.0,0.45455,1,sadness,,,,,,,
1261.0,0.66667,1,awe,,,,,,,
1262.0,0.375,1,amusement,,,,,,,
1263.0,0.33333,3,aesthetic_appreciation,interest,joy,,,,,
1264.0,0.5,1,surprise,,,,,,,
1265.0,0.625,1,interest,,,,,,,
1266.0,0.66667,1,sexual_desire,,,,,,,
1267.0,0.625,1,joy,,,,,,,
1268.0,0.58333,1,disgust,,,,,,,
1269.0,0.5,1,surprise,,,,,,,
1270.0,0.875,1,craving,,,,,,,
1271.0,0.70833,1,disgust,,,,,,,
1272.0,0.5,1,romance,,,,,,,
1273.0,0.41667,1,nostalgia,,,,,,,
1274.0,0.33333,2,awe,interest,,,,,,
1275.0,0.91667,1,disgust,,,,,,,
1276.0,0.58333,1,surprise,,,,,,,
1277.0,0.66667,1,surprise,,,,,,,
1278.0,0.66667,1,romance,,,,,,,
1279.0,0.5,1,sadness,,,,,,,
1280.0,0.41667,1,entrancement,,,,,,,
1281.0,0.5,1,aesthetic_appreciation,,,,,,,
1282.0,0.83333,1,adoration,,,,,,,
1283.0,0.66667,1,fear,,,,,,,
1284.0,0.58333,1,anxiety,,,,,,,
1285.0,0.625,1,adoration,,,,,,,
1286.0,0.5,1,horror,,,,,,,
1287.0,0.25,2,boredom,disgust,,,,,,
1288.0,0.5,1,amusement,,,,,,,
1289.0,0.75,1,amusement,,,,,,,
1290.0,0.75,1,amusement,,,,,,,
1291.0,0.36364,1,aesthetic_appreciation,,,,,,,
1292.0,0.63636,1,horror,,,,,,,
1293.0,0.72727,1,sexual_desire,,,,,,,
1294.0,0.45455,1,surprise,,,,,,,
1295.0,0.63636,1,romance,,,,,,,
1296.0,0.54545,1,amusement,,,,,,,
1297.0,0.54545,1,anxiety,,,,,,,
1298.0,0.63636,1,disgust,,,,,,,
1299.0,0.36364,1,confusion,,,,,,,
1300.0,0.54545,1,adoration,,,,,,,
1301.0,0.54545,2,amusement,interest,,,,,,
1302.0,0.36364,1,fear,,,,,,,
1303.0,0.72727,1,disgust,,,,,,,
1304.0,0.54545,1,amusement,,,,,,,
1305.0,0.54545,1,nostalgia,,,,,,,
1306.0,0.36364,4,adoration,amusement,disgust,surprise,,,,
1307.0,1.0,1,sexual_desire,,,,,,,
1308.0,0.54545,1,romance,,,,,,,
1309.0,0.45455,1,disgust,,,,,,,
1310.0,0.63636,1,disgust,,,,,,,
1311.0,0.63636,1,adoration,,,,,,,
1312.0,0.63636,1,nostalgia,,,,,,,
1313.0,0.81818,1,anxiety,,,,,,,
1314.0,0.45455,1,aesthetic_appreciation,,,,,,,
1315.0,0.36364,1,amusement,,,,,,,
1316.0,0.18182,3,boredom,excitement,horror,,,,,
1317.0,0.45455,1,amusement,,,,,,,
1318.0,0.54545,1,anxiety,,,,,,,
1319.0,0.81818,1,amusement,,,,,,,
1320.0,0.27273,1,amusement,,,,,,,
1321.0,0.54545,1,aesthetic_appreciation,,,,,,,
1322.0,0.63636,1,interest,,,,,,,
1323.0,0.54545,1,fear,,,,,,,
1324.0,0.45455,1,interest,,,,,,,
1325.0,0.45455,1,interest,,,,,,,
1326.0,0.36364,2,joy,sadness,,,,,,
1327.0,0.72727,1,nostalgia,,,,,,,
1328.0,0.81818,1,amusement,,,,,,,
1329.0,0.54545,1,amusement,,,,,,,
1330.0,0.54545,1,amusement,,,,,,,
1331.0,0.63636,1,interest,,,,,,,
1332.0,0.63636,1,amusement,,,,,,,
1333.0,0.54545,1,interest,,,,,,,
1334.0,0.54545,1,amusement,,,,,,,
1335.0,0.45455,1,amusement,,,,,,,
1336.0,0.63636,1,aesthetic_appreciation,,,,,,,
1337.0,0.54545,1,sexual_desire,,,,,,,
1338.0,0.72727,1,sexual_desire,,,,,,,
1339.0,0.72727,1,horror,,,,,,,
1340.0,0.54545,1,amusement,,,,,,,
1341.0,0.72727,1,romance,,,,,,,
1342.0,0.63636,1,relief,,,,,,,
1343.0,0.72727,1,amusement,,,,,,,
1344.0,0.54545,2,amusement,interest,,,,,,
1345.0,0.45455,2,excitement,surprise,,,,,,
1346.0,0.72727,1,amusement,,,,,,,
1347.0,0.54545,1,amusement,,,,,,,
1348.0,0.36364,1,interest,,,,,,,
1349.0,0.54545,1,joy,,,,,,,
1350.0,0.72727,1,disgust,,,,,,,
1351.0,0.45455,1,amusement,,,,,,,
1352.0,0.36364,2,entrancement,interest,,,,,,
1353.0,0.45455,1,amusement,,,,,,,
1354.0,0.54545,1,romance,,,,,,,
1355.0,0.54545,1,disgust,,,,,,,
1356.0,0.45455,1,amusement,,,,,,,
1357.0,0.54545,1,aesthetic_appreciation,,,,,,,
1358.0,0.45455,1,interest,,,,,,,
1359.0,0.45455,1,disgust,,,,,,,
1360.0,0.63636,1,aesthetic_appreciation,,,,,,,
1361.0,0.63636,1,fear,,,,,,,
1362.0,0.45455,3,disgust,fear,horror,,,,,
1363.0,0.63636,1,joy,,,,,,,
1364.0,0.54545,1,interest,,,,,,,
1365.0,0.36364,3,amusement,awe,joy,,,,,
1366.0,0.45455,1,amusement,,,,,,,
1367.0,0.54545,1,amusement,,,,,,,
1368.0,0.54545,1,amusement,,,,,,,
1369.0,0.54545,1,boredom,,,,,,,
1370.0,0.81818,1,sexual_desire,,,,,,,
1371.0,0.45455,1,amusement,,,,,,,
1372.0,0.54545,1,boredom,,,,,,,
1373.0,0.63636,1,fear,,,,,,,
1374.0,0.54545,1,fear,,,,,,,
1375.0,0.90909,1,fear,,,,,,,
1376.0,0.45455,2,amusement,fear,,,,,,
1377.0,1.0,1,sexual_desire,,,,,,,
1378.0,0.45455,2,aesthetic_appreciation,romance,,,,,,
1379.0,0.45455,2,adoration,amusement,,,,,,
1380.0,0.36364,1,joy,,,,,,,
1381.0,0.46154,1,romance,,,,,,,
1382.0,0.38462,1,amusement,,,,,,,
1383.0,0.69231,1,romance,,,,,,,
1384.0,0.23077,3,interest,joy,nostalgia,,,,,
1385.0,1.0,1,sexual_desire,,,,,,,
1386.0,0.30769,1,aesthetic_appreciation,,,,,,,
1387.0,0.38462,2,aesthetic_appreciation,interest,,,,,,
1388.0,0.46154,1,awkwardness,,,,,,,
1389.0,0.30769,2,aesthetic_appreciation,craving,,,,,,
1390.0,0.30769,1,surprise,,,,,,,
1391.0,0.46154,2,amusement,awe,,,,,,
1392.0,0.46154,1,interest,,,,,,,
1393.0,0.23077,1,anger,,,,,,,
1394.0,0.84615,1,sexual_desire,,,,,,,
1395.0,0.23077,4,aesthetic_appreciation,amusement,disappointment,sympathy,,,,
1396.0,0.76923,1,amusement,,,,,,,
1397.0,0.53846,1,relief,,,,,,,
1398.0,0.38462,1,amusement,,,,,,,
1399.0,0.69231,1,sexual_desire,,,,,,,
1400.0,0.53846,1,awe,,,,,,,
1401.0,0.30769,2,confusion,excitement,,,,,,
1402.0,0.46154,1,amusement,,,,,,,
1403.0,0.30769,1,empathic_pain,,,,,,,
1404.0,0.30769,1,amusement,,,,,,,
1405.0,0.61538,1,amusement,,,,,,,
1406.0,0.61538,1,fear,,,,,,,
1407.0,0.69231,1,romance,,,,,,,
1408.0,0.61538,1,romance,,,,,,,
1409.0,0.30769,2,aesthetic_appreciation,calmness,,,,,,
1410.0,0.38462,2,amusement,joy,,,,,,
1411.0,0.84615,1,amusement,,,,,,,
1412.0,0.69231,1,interest,,,,,,,
1413.0,0.38462,1,nostalgia,,,,,,,
1414.0,0.84615,1,disgust,,,,,,,
1415.0,0.46154,1,amusement,,,,,,,
1416.0,0.38462,3,adoration,amusement,awe,,,,,
1417.0,0.46154,1,adoration,,,,,,,
1418.0,0.53846,1,adoration,,,,,,,
1419.0,0.53846,1,fear,,,,,,,
1420.0,0.38462,1,joy,,,,,,,
1421.0,0.46154,2,aesthetic_appreciation,awe,,,,,,
1422.0,0.84615,1,fear,,,,,,,
1423.0,0.92308,1,disgust,,,,,,,
1424.0,0.92308,1,romance,,,,,,,
1425.0,1.0,1,disgust,,,,,,,
1426.0,0.76923,1,aesthetic_appreciation,,,,,,,
1427.0,0.38462,2,calmness,craving,,,,,,
1428.0,0.46154,1,amusement,,,,,,,
1429.0,0.46154,2,adoration,awe,,,,,,
1430.0,0.53846,1,surprise,,,,,,,
1431.0,0.46154,1,aesthetic_appreciation,,,,,,,
1432.0,0.53846,1,joy,,,,,,,
1433.0,0.61538,1,surprise,,,,,,,
1434.0,0.69231,1,horror,,,,,,,
1435.0,0.76923,1,romance,,,,,,,
1436.0,0.61538,1,surprise,,,,,,,
1437.0,0.38462,1,amusement,,,,,,,
1438.0,0.84615,1,sexual_desire,,,,,,,
1439.0,0.76923,1,aesthetic_appreciation,,,,,,,
1440.0,0.69231,1,fear,,,,,,,
1441.0,1.0,1,disgust,,,,,,,
1442.0,0.40909,1,confusion,,,,,,,
1443.0,0.36364,1,horror,,,,,,,
1444.0,0.77273,1,romance,,,,,,,
1445.0,0.45455,1,admiration,,,,,,,
1446.0,0.40909,1,aesthetic_appreciation,,,,,,,
1447.0,0.72727,1,sexual_desire,,,,,,,
1448.0,0.54545,1,confusion,,,,,,,
1449.0,0.90909,1,craving,,,,,,,
1450.0,0.45455,1,amusement,,,,,,,
1451.0,0.5,1,craving,,,,,,,
1452.0,0.40909,1,amusement,,,,,,,
1453.0,0.45455,1,admiration,,,,,,,
1454.0,0.40909,1,amusement,,,,,,,
1455.0,0.22727,2,aesthetic_appreciation,interest,,,,,,
1456.0,0.77273,1,amusement,,,,,,,
1457.0,0.45455,1,surprise,,,,,,,
1458.0,0.5,1,amusement,,,,,,,
1459.0,0.45455,1,amusement,,,,,,,
1460.0,0.72727,1,romance,,,,,,,
1461.0,0.63636,1,amusement,,,,,,,
1462.0,0.59091,1,amusement,,,,,,,
1463.0,0.5,1,amusement,,,,,,,
1464.0,0.59091,1,horror,,,,,,,
1465.0,0.54545,1,adoration,,,,,,,
1466.0,0.63636,1,amusement,,,,,,,
1467.0,0.36364,1,aesthetic_appreciation,,,,,,,
1468.0,0.81818,1,romance,,,,,,,
1469.0,0.45455,1,romance,,,,,,,
1470.0,0.36364,1,aesthetic_appreciation,,,,,,,
1471.0,0.92857,1,disgust,,,,,,,
1472.0,0.57143,1,sexual_desire,,,,,,,
1473.0,0.53571,1,sadness,,,,,,,
1474.0,0.35714,1,triumph,,,,,,,
1475.0,0.75,1,disgust,,,,,,,
1476.0,0.71429,1,aesthetic_appreciation,,,,,,,
1477.0,0.42857,1,interest,,,,,,,
1478.0,0.75,1,sadness,,,,,,,
1479.0,0.5,1,nostalgia,,,,,,,
1480.0,0.39286,1,confusion,,,,,,,
1481.0,0.42857,2,adoration,amusement,,,,,,
1482.0,0.71429,1,nostalgia,,,,,,,
1483.0,0.42857,1,amusement,,,,,,,
1484.0,0.5,1,amusement,,,,,,,
1485.0,0.71429,1,sadness,,,,,,,
1486.0,0.28571,1,excitement,,,,,,,
1487.0,0.5,2,disgust,fear,,,,,,
1488.0,0.67857,1,amusement,,,,,,,
1489.0,0.5,1,amusement,,,,,,,
1490.0,0.78571,1,sexual_desire,,,,,,,
1491.0,0.64286,1,sexual_desire,,,,,,,
1492.0,0.35714,1,fear,,,,,,,
1493.0,0.5,1,amusement,,,,,,,
1494.0,0.71429,1,amusement,,,,,,,
1495.0,0.42857,1,awe,,,,,,,
1496.0,0.5,2,aesthetic_appreciation,entrancement,,,,,,
1497.0,0.67857,1,amusement,,,,,,,
1498.0,0.85714,1,craving,,,,,,,
1499.0,0.57143,1,amusement,,,,,,,
1500.0,0.5,1,interest,,,,,,,
1501.0,0.6,1,amusement,,,,,,,
1502.0,0.5,1,admiration,,,,,,,
1503.0,0.4,1,joy,,,,,,,
1504.0,0.5,1,amusement,,,,,,,
1505.0,0.6,1,awe,,,,,,,
1506.0,0.4,1,amusement,,,,,,,
1507.0,0.5,1,disgust,,,,,,,
1508.0,0.6,1,amusement,,,,,,,
1509.0,0.4,1,adoration,,,,,,,
1510.0,0.7,1,aesthetic_appreciation,,,,,,,
1511.0,0.4,1,disgust,,,,,,,
1512.0,0.7,1,amusement,,,,,,,
1513.0,0.4,1,awe,,,,,,,
1514.0,0.4,2,disgust,horror,,,,,,
1515.0,0.4,1,amusement,,,,,,,
1516.0,0.4,1,aesthetic_appreciation,,,,,,,
1517.0,0.6,1,nostalgia,,,,,,,
1518.0,0.7,1,awe,,,,,,,
1519.0,0.9,1,disgust,,,,,,,
1520.0,0.4,2,amusement,awe,,,,,,
1521.0,0.7,1,amusement,,,,,,,
1522.0,0.3,3,amusement,disgust,interest,,,,,
1523.0,0.4,2,amusement,interest,,,,,,
1524.0,0.6,1,amusement,,,,,,,
1525.0,0.4,1,amusement,,,,,,,
1526.0,0.7,1,amusement,,,,,,,
1527.0,0.3,3,amusement,awe,interest,,,,,
1528.0,0.4,1,amusement,,,,,,,
1529.0,0.3,2,amusement,disgust,,,,,,
1530.0,0.6,1,nostalgia,,,,,,,
1531.0,0.45833,1,interest,,,,,,,
1532.0,0.58333,1,disgust,,,,,,,
1533.0,0.25,2,amusement,entrancement,,,,,,
1534.0,0.41667,1,confusion,,,,,,,
1535.0,0.375,1,entrancement,,,,,,,
1536.0,0.5,1,aesthetic_appreciation,,,,,,,
1537.0,0.58333,1,excitement,,,,,,,
1538.0,0.45833,1,amusement,,,,,,,
1539.0,0.91667,1,sexual_desire,,,,,,,
1540.0,0.66667,1,amusement,,,,,,,
1541.0,0.5,1,disgust,,,,,,,
1542.0,0.66667,1,romance,,,,,,,
1543.0,0.41667,1,fear,,,,,,,
1544.0,0.75,1,nostalgia,,,,,,,
1545.0,0.5,1,amusement,,,,,,,
1546.0,0.66667,1,amusement,,,,,,,
1547.0,0.45833,1,joy,,,,,,,
1548.0,0.5,1,joy,,,,,,,
1549.0,0.5,1,interest,,,,,,,
1550.0,0.375,1,confusion,,,,,,,
1551.0,0.75,1,romance,,,,,,,
1552.0,0.375,1,interest,,,,,,,
1553.0,0.33333,1,surprise,,,,,,,
1554.0,0.5,1,aesthetic_appreciation,,,,,,,
1555.0,0.5,1,amusement,,,,,,,
1556.0,0.83333,1,disgust,,,,,,,
1557.0,0.41667,1,sexual_desire,,,,,,,
1558.0,0.66667,1,amusement,,,,,,,
1559.0,0.5,1,nostalgia,,,,,,,
1560.0,0.33333,2,satisfaction,surprise,,,,,,
1561.0,0.58333,1,sexual_desire,,,,,,,
1562.0,0.5,1,horror,,,,,,,
1563.0,0.58333,1,amusement,,,,,,,
1564.0,0.83333,1,amusement,,,,,,,
1565.0,0.5,1,amusement,,,,,,,
1566.0,0.41667,1,aesthetic_appreciation,,,,,,,
1567.0,0.75,1,awkwardness,,,,,,,
1568.0,0.33333,1,triumph,,,,,,,
1569.0,0.45833,1,joy,,,,,,,
1570.0,0.33333,2,excitement,triumph,,,,,,
1571.0,0.41667,1,interest,,,,,,,
1572.0,0.5,1,awe,,,,,,,
1573.0,0.625,1,aesthetic_appreciation,,,,,,,
1574.0,0.41667,1,nostalgia,,,,,,,
1575.0,0.41667,1,aesthetic_appreciation,,,,,,,
1576.0,0.5,1,disgust,,,,,,,
1577.0,0.20833,1,amusement,,,,,,,
1578.0,0.66667,1,amusement,,,,,,,
1579.0,0.41667,1,amusement,,,,,,,
1580.0,0.66667,1,amusement,,,,,,,
1581.0,0.5,1,sexual_desire,,,,,,,
1582.0,0.33333,1,amusement,,,,,,,
1583.0,0.33333,1,awe,,,,,,,
1584.0,0.5,1,triumph,,,,,,,
1585.0,0.41667,1,empathic_pain,,,,,,,
1586.0,0.41667,1,joy,,,,,,,
1587.0,0.75,1,sadness,,,,,,,
1588.0,0.5,1,aesthetic_appreciation,,,,,,,
1589.0,0.58333,1,disgust,,,,,,,
1590.0,0.58333,1,fear,,,,,,,
1591.0,0.625,1,sadness,,,,,,,
1592.0,0.66667,1,aesthetic_appreciation,,,,,,,
1593.0,0.41667,1,amusement,,,,,,,
1594.0,0.54167,1,romance,,,,,,,
1595.0,0.66667,1,amusement,,,,,,,
1596.0,0.58333,2,disgust,empathic_pain,,,,,,
1597.0,0.66667,1,amusement,,,,,,,
1598.0,0.91667,1,disgust,,,,,,,
1599.0,0.66667,1,fear,,,,,,,
1600.0,0.41667,1,amusement,,,,,,,
1601.0,0.66667,1,horror,,,,,,,
1602.0,0.25,1,nostalgia,,,,,,,
1603.0,0.41667,1,nostalgia,,,,,,,
1604.0,0.33333,2,boredom,nostalgia,,,,,,
1605.0,0.66667,1,horror,,,,,,,
1606.0,0.83333,1,amusement,,,,,,,
1607.0,0.25,1,interest,,,,,,,
1608.0,0.75,1,aesthetic_appreciation,,,,,,,
1609.0,0.5,1,interest,,,,,,,
1610.0,1.0,1,sexual_desire,,,,,,,
1611.0,0.5,1,amusement,,,,,,,
1612.0,0.33333,3,awe,entrancement,interest,,,,,
1613.0,0.45833,1,empathic_pain,,,,,,,
1614.0,0.5,1,nostalgia,,,,,,,
1615.0,0.66667,1,fear,,,,,,,
1616.0,0.66667,1,aesthetic_appreciation,,,,,,,
1617.0,0.75,1,sexual_desire,,,,,,,
1618.0,0.41667,1,confusion,,,,,,,
1619.0,0.58333,1,interest,,,,,,,
1620.0,0.75,1,aesthetic_appreciation,,,,,,,
1621.0,0.33333,1,sympathy,,,,,,,
1622.0,0.75,1,romance,,,,,,,
1623.0,0.41667,1,sadness,,,,,,,
1624.0,0.58333,1,interest,,,,,,,
1625.0,0.58333,1,amusement,,,,,,,
1626.0,0.5,1,romance,,,,,,,
1627.0,0.58333,1,disgust,,,,,,,
1628.0,0.5,1,adoration,,,,,,,
1629.0,0.75,1,anxiety,,,,,,,
1630.0,0.75,1,disgust,,,,,,,
1631.0,0.75,1,amusement,,,,,,,
1632.0,0.5,1,sympathy,,,,,,,
1633.0,0.58333,1,interest,,,,,,,
1634.0,0.66667,1,sexual_desire,,,,,,,
1635.0,0.5,2,amusement,surprise,,,,,,
1636.0,0.5,1,surprise,,,,,,,
1637.0,0.5,1,awe,,,,,,,
1638.0,0.5,1,interest,,,,,,,
1639.0,0.25,2,admiration,amusement,,,,,,
1640.0,0.83333,1,sexual_desire,,,,,,,
1641.0,0.58333,1,interest,,,,,,,
1642.0,0.41667,1,excitement,,,,,,,
1643.0,0.33333,1,amusement,,,,,,,
1644.0,0.5,1,anxiety,,,,,,,
1645.0,0.91667,1,sexual_desire,,,,,,,
1646.0,0.5,1,amusement,,,,,,,
1647.0,0.83333,1,amusement,,,,,,,
1648.0,0.16667,2,boredom,confusion,,,,,,
1649.0,0.25,3,amusement,anxiety,excitement,,,,,
1650.0,0.75,1,horror,,,,,,,
1651.0,0.41667,1,aesthetic_appreciation,,,,,,,
1652.0,0.41667,1,anxiety,,,,,,,
1653.0,0.58333,1,amusement,,,,,,,
1654.0,0.58333,1,anxiety,,,,,,,
1655.0,0.83333,1,disgust,,,,,,,
1656.0,0.58333,1,interest,,,,,,,
1657.0,0.66667,1,anxiety,,,,,,,
1658.0,0.66667,1,romance,,,,,,,
1659.0,0.25,1,aesthetic_appreciation,,,,,,,
1660.0,0.58333,1,adoration,,,,,,,
1661.0,0.58333,1,amusement,,,,,,,
1662.0,0.33333,1,interest,,,,,,,
1663.0,0.25,3,anxiety,fear,horror,,,,,
1664.0,0.58333,1,interest,,,,,,,
1665.0,0.41667,2,amusement,disgust,,,,,,
1666.0,0.58333,1,adoration,,,,,,,
1667.0,0.58333,1,adoration,,,,,,,
1668.0,0.41667,1,entrancement,,,,,,,
1669.0,0.5,1,amusement,,,,,,,
1670.0,0.58333,1,amusement,,,,,,,
1671.0,0.33333,1,satisfaction,,,,,,,
1672.0,0.33333,1,amusement,,,,,,,
1673.0,0.33333,1,awe,,,,,,,
1674.0,0.25,2,sadness,sympathy,,,,,,
1675.0,0.41667,1,disgust,,,,,,,
1676.0,0.5,1,amusement,,,,,,,
1677.0,0.33333,2,amusement,boredom,,,,,,
1678.0,0.41667,1,aesthetic_appreciation,,,,,,,
1679.0,0.58333,1,anxiety,,,,,,,
1680.0,0.66667,1,aesthetic_appreciation,,,,,,,
1681.0,0.54545,1,interest,,,,,,,
1682.0,0.63636,1,interest,,,,,,,
1683.0,0.63636,1,adoration,,,,,,,
1684.0,0.90909,1,sexual_desire,,,,,,,
1685.0,1.0,1,disgust,,,,,,,
1686.0,0.54545,1,entrancement,,,,,,,
1687.0,0.36364,1,satisfaction,,,,,,,
1688.0,0.72727,1,aesthetic_appreciation,,,,,,,
1689.0,0.54545,1,awe,,,,,,,
1690.0,0.54545,2,relief,surprise,,,,,,
1691.0,0.81818,1,disgust,,,,,,,
1692.0,0.63636,1,adoration,,,,,,,
1693.0,0.63636,2,nostalgia,pride,,,,,,
1694.0,0.36364,2,aesthetic_appreciation,entrancement,,,,,,
1695.0,0.45455,1,confusion,,,,,,,
1696.0,0.81818,1,amusement,,,,,,,
1697.0,0.86364,1,amusement,,,,,,,
1698.0,0.63636,1,amusement,,,,,,,
1699.0,0.77273,1,amusement,,,,,,,
1700.0,0.5,1,interest,,,,,,,
1701.0,0.72727,1,anxiety,,,,,,,
1702.0,0.45455,1,anxiety,,,,,,,
1703.0,0.77273,1,disgust,,,,,,,
1704.0,0.36364,1,amusement,,,,,,,
1705.0,0.90909,1,horror,,,,,,,
1706.0,0.81818,1,disgust,,,,,,,
1707.0,0.45455,3,amusement,excitement,interest,,,,,
1708.0,0.81818,1,aesthetic_appreciation,,,,,,,
1709.0,0.45455,2,amusement,surprise,,,,,,
1710.0,0.81818,1,amusement,,,,,,,
1711.0,0.29412,1,craving,,,,,,,
1712.0,0.64706,1,joy,,,,,,,
1713.0,0.64706,1,nostalgia,,,,,,,
1714.0,0.47059,1,awe,,,,,,,
1715.0,0.52941,1,awe,,,,,,,
1716.0,0.64706,1,calmness,,,,,,,
1717.0,0.41176,1,triumph,,,,,,,
1718.0,0.52941,1,triumph,,,,,,,
1719.0,0.47059,1,nostalgia,,,,,,,
1720.0,0.29412,1,surprise,,,,,,,
1721.0,0.58824,1,amusement,,,,,,,
1722.0,0.29412,1,entrancement,,,,,,,
1723.0,0.70588,1,amusement,,,,,,,
1724.0,0.41176,1,disgust,,,,,,,
1725.0,0.29412,1,sadness,,,,,,,
1726.0,0.58824,1,fear,,,,,,,
1727.0,0.52941,1,amusement,,,,,,,
1728.0,0.52941,1,sexual_desire,,,,,,,
1729.0,0.35294,1,amusement,,,,,,,
1730.0,0.23529,1,sympathy,,,,,,,
1731.0,0.35294,1,nostalgia,,,,,,,
1732.0,0.41176,1,awe,,,,,,,
1733.0,0.64706,1,romance,,,,,,,
1734.0,0.29412,1,aesthetic_appreciation,,,,,,,
1735.0,0.35294,1,aesthetic_appreciation,,,,,,,
1736.0,0.29412,1,fear,,,,,,,
1737.0,0.41176,2,anxiety,fear,,,,,,
1738.0,0.35294,1,awe,,,,,,,
1739.0,0.47059,1,relief,,,,,,,
1740.0,0.94118,1,craving,,,,,,,
1741.0,0.53846,1,amusement,,,,,,,
1742.0,0.46154,1,fear,,,,,,,
1743.0,0.38462,1,interest,,,,,,,
1744.0,0.30769,1,amusement,,,,,,,
1745.0,0.53846,2,amusement,joy,,,,,,
1746.0,0.46154,1,amusement,,,,,,,
1747.0,0.38462,1,entrancement,,,,,,,
1748.0,0.53846,1,adoration,,,,,,,
1749.0,0.5,1,amusement,,,,,,,
1750.0,0.34615,1,amusement,,,,,,,
1751.0,0.30769,1,entrancement,,,,,,,
1752.0,0.30769,2,empathic_pain,sadness,,,,,,
1753.0,0.76923,1,amusement,,,,,,,
1754.0,0.46154,1,nostalgia,,,,,,,
1755.0,0.5,1,horror,,,,,,,
1756.0,0.5,1,romance,,,,,,,
1757.0,0.42308,1,disgust,,,,,,,
1758.0,0.69231,1,amusement,,,,,,,
1759.0,0.23077,1,interest,,,,,,,
1760.0,0.46154,1,calmness,,,,,,,
1761.0,0.5,1,amusement,,,,,,,
1762.0,0.42308,1,amusement,,,,,,,
1763.0,0.53846,1,amusement,,,,,,,
1764.0,0.46154,1,fear,,,,,,,
1765.0,0.69231,1,disgust,,,,,,,
1766.0,0.23077,1,interest,,,,,,,
1767.0,0.61538,1,fear,,,,,,,
1768.0,0.69231,1,empathic_pain,,,,,,,
1769.0,0.84615,1,sexual_desire,,,,,,,
1770.0,0.57692,1,amusement,,,,,,,
1771.0,0.54545,1,disgust,,,,,,,
1772.0,0.63636,1,sexual_desire,,,,,,,
1773.0,0.72727,1,amusement,,,,,,,
1774.0,0.54545,1,fear,,,,,,,
1775.0,0.45455,1,interest,,,,,,,
1776.0,0.63636,1,sadness,,,,,,,
1777.0,0.27273,2,excitement,fear,,,,,,
1778.0,0.36364,1,aesthetic_appreciation,,,,,,,
1779.0,0.72727,1,fear,,,,,,,
1780.0,0.59091,1,fear,,,,,,,
1781.0,0.45455,1,nostalgia,,,,,,,
1782.0,0.81818,1,sexual_desire,,,,,,,
1783.0,0.45455,1,joy,,,,,,,
1784.0,0.45455,1,boredom,,,,,,,
1785.0,0.45455,1,amusement,,,,,,,
1786.0,0.81818,1,sadness,,,,,,,
1787.0,0.27273,3,amusement,satisfaction,surprise,,,,,
1788.0,0.27273,1,empathic_pain,,,,,,,
1789.0,0.36364,1,calmness,,,,,,,
1790.0,0.72727,1,disgust,,,,,,,
1791.0,0.36364,1,boredom,,,,,,,
1792.0,0.63636,1,disgust,,,,,,,
1793.0,0.45455,1,confusion,,,,,,,
1794.0,0.36364,2,boredom,entrancement,,,,,,
1795.0,0.54545,1,fear,,,,,,,
1796.0,0.36364,2,aesthetic_appreciation,entrancement,,,,,,
1797.0,0.22727,1,boredom,,,,,,,
1798.0,0.27273,2,satisfaction,surprise,,,,,,
1799.0,0.27273,1,excitement,,,,,,,
1800.0,0.59091,1,amusement,,,,,,,
1801.0,0.91667,1,amusement,,,,,,,
1802.0,0.58333,1,amusement,,,,,,,
1803.0,0.41667,2,adoration,calmness,,,,,,
1804.0,0.75,1,amusement,,,,,,,
1805.0,0.75,1,nostalgia,,,,,,,
1806.0,0.58333,1,amusement,,,,,,,
1807.0,0.75,1,romance,,,,,,,
1808.0,0.41667,1,amusement,,,,,,,
1809.0,0.5,1,anxiety,,,,,,,
1810.0,0.41667,1,adoration,,,,,,,
1811.0,0.41667,2,amusement,confusion,,,,,,
1812.0,0.58333,1,amusement,,,,,,,
1813.0,0.91667,1,disgust,,,,,,,
1814.0,0.83333,1,craving,,,,,,,
1815.0,0.66667,1,romance,,,,,,,
1816.0,0.41667,2,amusement,horror,,,,,,
1817.0,0.66667,1,nostalgia,,,,,,,
1818.0,0.66667,1,amusement,,,,,,,
1819.0,0.5,2,horror,surprise,,,,,,
1820.0,0.41667,1,awe,,,,,,,
1821.0,0.5,1,amusement,,,,,,,
1822.0,0.41667,1,confusion,,,,,,,
1823.0,0.33333,2,aesthetic_appreciation,confusion,,,,,,
1824.0,0.33333,1,amusement,,,,,,,
1825.0,0.41667,1,adoration,,,,,,,
1826.0,0.75,1,craving,,,,,,,
1827.0,0.33333,2,anxiety,interest,,,,,,
1828.0,0.41667,1,anxiety,,,,,,,
1829.0,0.66667,1,sexual_desire,,,,,,,
1830.0,0.83333,1,horror,,,,,,,
1831.0,0.30769,1,sadness,,,,,,,
1832.0,0.61538,1,fear,,,,,,,
1833.0,0.38462,1,entrancement,,,,,,,
1834.0,0.38462,1,interest,,,,,,,
1835.0,0.53846,1,calmness,,,,,,,
1836.0,0.38462,2,awe,calmness,,,,,,
1837.0,0.23077,2,fear,interest,,,,,,
1838.0,0.30769,2,excitement,fear,,,,,,
1839.0,0.61538,1,amusement,,,,,,,
1840.0,0.46154,1,nostalgia,,,,,,,
1841.0,0.69231,1,nostalgia,,,,,,,
1842.0,0.53846,1,amusement,,,,,,,
1843.0,0.61538,1,fear,,,,,,,
1844.0,0.42308,1,disgust,,,,,,,
1845.0,0.34615,2,anxiety,surprise,,,,,,
1846.0,0.30769,2,boredom,interest,,,,,,
1847.0,0.53846,1,fear,,,,,,,
1848.0,0.53846,1,entrancement,,,,,,,
1849.0,0.61538,1,sexual_desire,,,,,,,
1850.0,0.46154,1,amusement,,,,,,,
1851.0,0.46154,1,amusement,,,,,,,
1852.0,0.76923,1,craving,,,,,,,
1853.0,0.46154,1,sexual_desire,,,,,,,
1854.0,0.53846,1,craving,,,,,,,
1855.0,0.46154,1,joy,,,,,,,
1856.0,0.61538,1,amusement,,,,,,,
1857.0,0.38462,1,entrancement,,,,,,,
1858.0,0.46154,1,fear,,,,,,,
1859.0,0.42308,1,amusement,,,,,,,
1860.0,0.38462,1,entrancement,,,,,,,
1861.0,0.45833,1,amusement,,,,,,,
1862.0,0.45833,1,awkwardness,,,,,,,
1863.0,0.66667,1,amusement,,,,,,,
1864.0,0.25,3,awkwardness,confusion,disgust,,,,,
1865.0,0.41667,1,amusement,,,,,,,
1866.0,0.29167,1,interest,,,,,,,
1867.0,0.5,1,entrancement,,,,,,,
1868.0,0.75,1,horror,,,,,,,
1869.0,0.58333,1,amusement,,,,,,,
1870.0,0.5,1,fear,,,,,,,
1871.0,0.375,1,disgust,,,,,,,
1872.0,0.58333,1,aesthetic_appreciation,,,,,,,
1873.0,0.41667,2,relief,surprise,,,,,,
1874.0,0.83333,1,amusement,,,,,,,
1875.0,0.375,1,disgust,,,,,,,
1876.0,0.29167,1,aesthetic_appreciation,,,,,,,
1877.0,0.41667,1,entrancement,,,,,,,
1878.0,0.54167,1,relief,,,,,,,
1879.0,0.375,1,awe,,,,,,,
1880.0,0.58333,1,amusement,,,,,,,
1881.0,0.16667,3,anger,disgust,nostalgia,,,,,
1882.0,0.75,1,amusement,,,,,,,
1883.0,0.25,2,aesthetic_appreciation,sadness,,,,,,
1884.0,0.41667,1,nostalgia,,,,,,,
1885.0,0.58333,1,disgust,,,,,,,
1886.0,0.375,1,admiration,,,,,,,
1887.0,0.5,1,fear,,,,,,,
1888.0,0.33333,1,confusion,,,,,,,
1889.0,0.83333,1,sexual_desire,,,,,,,
1890.0,0.33333,1,amusement,,,,,,,
1891.0,0.83333,1,amusement,,,,,,,
1892.0,0.58333,1,aesthetic_appreciation,,,,,,,
1893.0,0.41667,2,adoration,amusement,,,,,,
1894.0,1.0,1,sexual_desire,,,,,,,
1895.0,0.83333,1,sexual_desire,,,,,,,
1896.0,0.41667,2,amusement,nostalgia,,,,,,
1897.0,0.33333,1,aesthetic_appreciation,,,,,,,
1898.0,0.5,1,amusement,,,,,,,
1899.0,0.58333,1,surprise,,,,,,,
1900.0,0.58333,1,amusement,,,,,,,
1901.0,0.41667,1,disgust,,,,,,,
1902.0,0.58333,1,amusement,,,,,,,
1903.0,0.41667,1,disgust,,,,,,,
1904.0,0.5,1,amusement,,,,,,,
1905.0,0.5,1,amusement,,,,,,,
1906.0,0.5,2,fear,horror,,,,,,
1907.0,1.0,1,disgust,,,,,,,
1908.0,0.58333,1,boredom,,,,,,,
1909.0,0.75,1,romance,,,,,,,
1910.0,0.33333,2,aesthetic_appreciation,awe,,,,,,
1911.0,0.83333,1,romance,,,,,,,
1912.0,0.58333,1,amusement,,,,,,,
1913.0,0.66667,1,sexual_desire,,,,,,,
1914.0,0.25,5,anxiety,awe,interest,surprise,triumph,,,
1915.0,0.58333,1,aesthetic_appreciation,,,,,,,
1916.0,0.66667,1,disgust,,,,,,,
1917.0,1.0,1,sexual_desire,,,,,,,
1918.0,0.5,1,amusement,,,,,,,
1919.0,0.41667,1,disgust,,,,,,,
1920.0,0.41667,1,confusion,,,,,,,
1921.0,0.46154,2,aesthetic_appreciation,interest,,,,,,
1922.0,0.84615,1,horror,,,,,,,
1923.0,0.34615,1,disgust,,,,,,,
1924.0,0.61538,1,adoration,,,,,,,
1925.0,0.84615,1,sexual_desire,,,,,,,
1926.0,0.46154,2,anxiety,fear,,,,,,
1927.0,0.46154,1,disgust,,,,,,,
1928.0,0.30769,1,disgust,,,,,,,
1929.0,0.65385,1,amusement,,,,,,,
1930.0,0.76923,1,amusement,,,,,,,
1931.0,0.69231,1,fear,,,,,,,
1932.0,0.5,1,interest,,,,,,,
1933.0,0.65385,1,sadness,,,,,,,
1934.0,0.69231,1,disgust,,,,,,,
1935.0,0.73077,1,adoration,,,,,,,
1936.0,0.84615,1,craving,,,,,,,
1937.0,0.38462,2,awe,surprise,,,,,,
1938.0,0.76923,1,romance,,,,,,,
1939.0,0.46154,1,boredom,,,,,,,
1940.0,1.0,1,disgust,,,,,,,
1941.0,0.46154,1,amusement,,,,,,,
1942.0,0.69231,1,craving,,,,,,,
1943.0,0.5,1,horror,,,,,,,
1944.0,0.69231,1,amusement,,,,,,,
1945.0,0.61538,2,aesthetic_appreciation,interest,,,,,,
1946.0,0.46154,1,interest,,,,,,,
1947.0,0.53846,1,confusion,,,,,,,
1948.0,0.46154,1,awe,,,,,,,
1949.0,0.53846,1,craving,,,,,,,
1950.0,0.65385,1,craving,,,,,,,
1951.0,0.41667,1,awe,,,,,,,
1952.0,0.5,1,boredom,,,,,,,
1953.0,0.66667,1,joy,,,,,,,
1954.0,0.41667,1,amusement,,,,,,,
1955.0,0.58333,1,anxiety,,,,,,,
1956.0,0.83333,1,disgust,,,,,,,
1957.0,0.41667,1,aesthetic_appreciation,,,,,,,
1958.0,0.66667,1,awe,,,,,,,
1959.0,0.91667,1,sadness,,,,,,,
1960.0,0.5,1,disgust,,,,,,,
1961.0,0.66667,1,amusement,,,,,,,
1962.0,0.58333,1,aesthetic_appreciation,,,,,,,
1963.0,0.66667,1,amusement,,,,,,,
1964.0,0.75,1,fear,,,,,,,
1965.0,0.58333,1,joy,,,,,,,
1966.0,0.66667,1,nostalgia,,,,,,,
1967.0,0.5,1,interest,,,,,,,
1968.0,0.91667,1,craving,,,,,,,
1969.0,0.5,2,awe,interest,,,,,,
1970.0,0.41667,1,awe,,,,,,,
1971.0,0.58333,1,interest,,,,,,,
1972.0,0.5,1,romance,,,,,,,
1973.0,0.33333,2,disgust,sexual_desire,,,,,,
1974.0,0.58333,1,sexual_desire,,,,,,,
1975.0,0.75,1,romance,,,,,,,
1976.0,0.58333,1,amusement,,,,,,,
1977.0,0.33333,2,disgust,sexual_desire,,,,,,
1978.0,0.75,1,romance,,,,,,,
1979.0,0.33333,1,anxiety,,,,,,,
1980.0,0.5,1,fear,,,,,,,
1981.0,0.6,1,craving,,,,,,,
1982.0,0.7,1,nostalgia,,,,,,,
1983.0,0.8,1,sexual_desire,,,,,,,
1984.0,0.2,6,amusement,awe,confusion,disgust,interest,surprise,,
1985.0,0.3,2,disgust,sadness,,,,,,
1986.0,0.8,1,aesthetic_appreciation,,,,,,,
1987.0,0.7,1,disgust,,,,,,,
1988.0,0.6,1,aesthetic_appreciation,,,,,,,
1989.0,0.6,1,romance,,,,,,,
1990.0,0.4,3,anxiety,fear,horror,,,,,
1991.0,0.7,1,disgust,,,,,,,
1992.0,0.5,1,amusement,,,,,,,
1993.0,0.7,1,craving,,,,,,,
1994.0,0.4,2,adoration,amusement,,,,,,
1995.0,0.8,1,amusement,,,,,,,
1996.0,0.6,1,amusement,,,,,,,
1997.0,0.4,2,amusement,interest,,,,,,
1998.0,0.6,1,sexual_desire,,,,,,,
1999.0,0.4,1,surprise,,,,,,,
2000.0,0.5,1,amusement,,,,,,,
2001.0,0.5,1,amusement,,,,,,,
2002.0,0.3,2,joy,nostalgia,,,,,,
2003.0,0.2,2,interest,surprise,,,,,,
2004.0,0.9,1,disgust,,,,,,,
2005.0,0.3,1,amusement,,,,,,,
2006.0,0.5,1,surprise,,,,,,,
2007.0,0.6,1,romance,,,,,,,
2008.0,0.5,1,disgust,,,,,,,
2009.0,0.6,1,disgust,,,,,,,
2010.0,1.0,1,disgust,,,,,,,
2011.0,0.45455,1,sadness,,,,,,,
2012.0,0.86364,1,disgust,,,,,,,
2013.0,0.59091,1,joy,,,,,,,
2014.0,0.45455,1,confusion,,,,,,,
2015.0,0.90909,1,sexual_desire,,,,,,,
2016.0,0.36364,1,disgust,,,,,,,
2017.0,0.45455,1,amusement,,,,,,,
2018.0,0.95455,1,disgust,,,,,,,
2019.0,0.81818,1,disgust,,,,,,,
2020.0,0.86364,1,disgust,,,,,,,
2021.0,0.36364,1,excitement,,,,,,,
2022.0,0.36364,1,fear,,,,,,,
2023.0,0.45455,1,aesthetic_appreciation,,,,,,,
2024.0,0.81818,1,disgust,,,,,,,
2025.0,0.63636,1,aesthetic_appreciation,,,,,,,
2026.0,0.5,1,amusement,,,,,,,
2027.0,0.5,1,sexual_desire,,,,,,,
2028.0,0.45455,1,aesthetic_appreciation,,,,,,,
2029.0,0.54545,1,amusement,,,,,,,
2030.0,0.72727,1,sexual_desire,,,,,,,
2031.0,0.72727,1,amusement,,,,,,,
2032.0,0.63636,1,amusement,,,,,,,
2033.0,0.36364,1,awe,,,,,,,
2034.0,0.72727,1,joy,,,,,,,
2035.0,0.63636,1,sadness,,,,,,,
2036.0,0.36364,1,disgust,,,,,,,
2037.0,0.45455,1,sexual_desire,,,,,,,
2038.0,0.36364,2,amusement,sadness,,,,,,
2039.0,0.77273,1,amusement,,,,,,,
2040.0,0.5,1,awe,,,,,,,
2041.0,0.63636,1,entrancement,,,,,,,
2042.0,0.68182,1,amusement,,,,,,,
2043.0,0.36364,1,awe,,,,,,,
2044.0,0.5,1,nostalgia,,,,,,,
2045.0,0.40909,1,surprise,,,,,,,
2046.0,0.31818,1,amusement,,,,,,,
2047.0,0.31818,2,disgust,horror,,,,,,
2048.0,0.72727,1,disgust,,,,,,,
2049.0,0.27273,3,anger,disgust,fear,,,,,
2050.0,0.54545,1,amusement,,,,,,,
2051.0,0.54545,2,amusement,disgust,,,,,,
2052.0,0.36364,2,anxiety,fear,,,,,,
2053.0,0.90909,1,sexual_desire,,,,,,,
2054.0,0.36364,1,amusement,,,,,,,
2055.0,0.63636,1,sexual_desire,,,,,,,
2056.0,0.81818,1,nostalgia,,,,,,,
2057.0,0.27273,2,joy,sadness,,,,,,
2058.0,0.45455,1,horror,,,,,,,
2059.0,0.45455,2,amusement,interest,,,,,,
2060.0,0.63636,1,nostalgia,,,,,,,
2061.0,0.81818,1,amusement,,,,,,,
2062.0,0.63636,1,disgust,,,,,,,
2063.0,1.0,1,sexual_desire,,,,,,,
2064.0,0.63636,1,amusement,,,,,,,
2065.0,0.45455,1,aesthetic_appreciation,,,,,,,
2066.0,0.36364,2,anger,fear,,,,,,
2067.0,0.36364,1,fear,,,,,,,
2068.0,0.36364,1,interest,,,,,,,
2069.0,0.45455,1,fear,,,,,,,
2070.0,0.54545,1,interest,,,,,,,
2071.0,0.75,1,amusement,,,,,,,
2072.0,0.83333,1,amusement,,,,,,,
2073.0,0.41667,1,fear,,,,,,,
2074.0,1.0,1,sexual_desire,,,,,,,
2075.0,0.58333,1,aesthetic_appreciation,,,,,,,
2076.0,0.5,1,amusement,,,,,,,
2077.0,0.5,1,amusement,,,,,,,
2078.0,0.5,1,excitement,,,,,,,
2079.0,0.66667,1,aesthetic_appreciation,,,,,,,
2080.0,0.83333,1,empathic_pain,,,,,,,
2081.0,0.58333,1,disgust,,,,,,,
2082.0,0.75,1,aesthetic_appreciation,,,,,,,
2083.0,0.83333,1,amusement,,,,,,,
2084.0,0.41667,1,empathic_pain,,,,,,,
2085.0,0.58333,1,amusement,,,,,,,
2086.0,0.66667,1,confusion,,,,,,,
2087.0,0.33333,1,excitement,,,,,,,
2088.0,0.58333,1,nostalgia,,,,,,,
2089.0,0.91667,1,sexual_desire,,,,,,,
2090.0,0.58333,1,satisfaction,,,,,,,
2091.0,0.66667,1,fear,,,,,,,
2092.0,0.33333,1,excitement,,,,,,,
2093.0,0.41667,1,nostalgia,,,,,,,
2094.0,0.5,1,amusement,,,,,,,
2095.0,0.5,1,craving,,,,,,,
2096.0,0.33333,2,adoration,calmness,,,,,,
2097.0,0.41667,1,excitement,,,,,,,
2098.0,0.66667,1,romance,,,,,,,
2099.0,0.41667,2,aesthetic_appreciation,interest,,,,,,
2100.0,0.66667,1,amusement,,,,,,,
2101.0,0.27273,2,boredom,sexual_desire,,,,,,
2102.0,0.54545,1,adoration,,,,,,,
2103.0,0.54545,1,awe,,,,,,,
2104.0,0.36364,1,amusement,,,,,,,
2105.0,0.45455,1,entrancement,,,,,,,
2106.0,0.81818,1,disgust,,,,,,,
2107.0,0.72727,1,craving,,,,,,,
2108.0,0.54545,1,awe,,,,,,,
2109.0,0.54545,1,empathic_pain,,,,,,,
2110.0,0.72727,1,sexual_desire,,,,,,,
2111.0,0.81818,1,amusement,,,,,,,
2112.0,0.45455,2,amusement,joy,,,,,,
2113.0,0.72727,1,amusement,,,,,,,
2114.0,0.63636,1,amusement,,,,,,,
2115.0,0.45455,1,empathic_pain,,,,,,,
2116.0,0.81818,1,disgust,,,,,,,
2117.0,0.45455,2,adoration,amusement,,,,,,
2118.0,0.45455,1,adoration,,,,,,,
2119.0,0.54545,1,sadness,,,,,,,
2120.0,0.63636,1,relief,,,,,,,
2121.0,0.63636,2,anxiety,fear,,,,,,
2122.0,0.72727,1,disgust,,,,,,,
2123.0,0.45455,1,disgust,,,,,,,
2124.0,0.45455,1,surprise,,,,,,,
2125.0,0.45455,1,amusement,,,,,,,
2126.0,0.45455,1,entrancement,,,,,,,
2127.0,0.72727,1,amusement,,,,,,,
2128.0,0.45455,1,entrancement,,,,,,,
2129.0,0.81818,1,romance,,,,,,,
2130.0,0.45455,1,relief,,,,,,,
2131.0,0.5,1,amusement,,,,,,,
2132.0,0.4,2,confusion,surprise,,,,,,
2133.0,0.66667,1,sexual_desire,,,,,,,
2134.0,0.66667,1,amusement,,,,,,,
2135.0,0.36667,1,surprise,,,,,,,
2136.0,0.36667,1,sympathy,,,,,,,
2137.0,0.36667,1,amusement,,,,,,,
2138.0,0.5,1,joy,,,,,,,
2139.0,0.76667,1,disgust,,,,,,,
2140.0,0.26667,1,entrancement,,,,,,,
2141.0,0.56667,1,disgust,,,,,,,
2142.0,0.26667,3,disgust,horror,romance,,,,,
2143.0,0.4,1,craving,,,,,,,
2144.0,0.36667,1,sadness,,,,,,,
2145.0,0.26667,1,awe,,,,,,,
2146.0,0.73333,1,amusement,,,,,,,
2147.0,0.93333,1,disgust,,,,,,,
2148.0,0.6,1,sadness,,,,,,,
2149.0,0.73333,1,craving,,,,,,,
2150.0,0.4,1,craving,,,,,,,
2151.0,0.56667,1,disgust,,,,,,,
2152.0,0.86667,1,disgust,,,,,,,
2153.0,0.43333,1,confusion,,,,,,,
2154.0,0.33333,1,surprise,,,,,,,
2155.0,0.5,1,disgust,,,,,,,
2156.0,0.5,1,surprise,,,,,,,
2157.0,0.66667,1,disgust,,,,,,,
2158.0,0.36667,2,amusement,joy,,,,,,
2159.0,0.33333,1,empathic_pain,,,,,,,
2160.0,0.4,1,confusion,,,,,,,
2161.0,0.33333,1,fear,,,,,,,
2162.0,0.41667,1,fear,,,,,,,
2163.0,0.66667,1,aesthetic_appreciation,,,,,,,
2164.0,0.33333,1,surprise,,,,,,,
2165.0,0.25,1,surprise,,,,,,,
2166.0,0.5,1,amusement,,,,,,,
2167.0,0.91667,1,sexual_desire,,,,,,,
2168.0,0.58333,1,fear,,,,,,,
2169.0,0.75,1,disgust,,,,,,,
2170.0,0.75,1,sexual_desire,,,,,,,
2171.0,0.5,1,amusement,,,,,,,
2172.0,0.5,1,aesthetic_appreciation,,,,,,,
2173.0,0.375,1,amusement,,,,,,,
2174.0,0.25,2,aesthetic_appreciation,horror,,,,,,
2175.0,0.5,1,amusement,,,,,,,
2176.0,0.5,1,aesthetic_appreciation,,,,,,,
2177.0,0.5,1,disgust,,,,,,,
2178.0,0.33333,2,confusion,surprise,,,,,,
2179.0,0.83333,1,amusement,,,,,,,
2180.0,0.83333,1,sexual_desire,,,,,,,
2181.0,0.75,1,aesthetic_appreciation,,,,,,,
2182.0,0.66667,1,amusement,,,,,,,
2183.0,0.54167,1,sadness,,,,,,,
2184.0,0.5,1,amusement,,,,,,,
2185.0,0.33333,1,awe,,,,,,,
2186.0,0.41667,1,interest,,,,,,,
2187.0,0.5,1,nostalgia,,,,,,,
2188.0,0.66667,1,amusement,,,,,,,
2189.0,0.75,1,amusement,,,,,,,
2190.0,0.41667,1,confusion,,,,,,,
2191.0,0.66667,1,nostalgia,,,,,,,
2192.0,0.41667,1,aesthetic_appreciation,,,,,,,
2193.0,0.66667,1,aesthetic_appreciation,,,,,,,
2194.0,0.66667,1,sadness,,,,,,,
2195.0,0.91667,1,sexual_desire,,,,,,,
2196.0,0.5,1,amusement,,,,,,,
